"ts|uid|id.orig_h|id.orig_p|id.resp_h|id.resp_p|proto|service|duration|orig_bytes|resp_bytes|conn_state|local_orig|local_resp|missed_bytes|history|orig_pkts|orig_ip_bytes|resp_pkts|resp_ip_bytes|tunnel_parents|label|detailed-label"
"1525879831.015811|CUmrqr4svHuSXJy5z7|192.168.100.103|51524|65.127.233.163|23|tcp|-|2.999051|0|0|S0|-|-|0|S|3|180|0|0|-|Malicious|PartOfAHorizontalPortScan"
"1525879831.025055|CH98aB3s1kJeq6SFOc|192.168.100.103|56305|63.150.16.171|23|tcp|-|-|-|-|S0|-|-|0|S|1|60|0|0|-|Malicious|PartOfAHorizontalPortScan"
"1525879831.045045|C3GBTkINvXNjVGtN5|192.168.100.103|41101|111.40.23.49|23|tcp|-|-|-|-|S0|-|-|0|S|1|60|0|0|-|Malicious|PartOfAHorizontalPortScan"
"1525879832.016240|CDe43c1PtgynajGI6|192.168.100.103|60905|131.174.215.147|23|tcp|-|2.998796|0|0|S0|-|-|0|S|3|180|0|0|-|Malicious|PartOfAHorizontalPortScan"
"1525879832.024985|CJaDcG3MZzvf1YVYI4|192.168.100.103|44301|91.42.47.63|23|tcp|-|-|-|-|S0|-|-|0|S|1|60|0|0|-|Malicious|PartOfAHorizontalPortScan"
"1525879832.044975|CMBrup3BLXivSp4Avc|192.168.100.103|50244|120.210.108.200|23|tcp|-|-|-|-|S0|-|-|0|S|1|60|0|0|-|Malicious|PartOfAHorizontalPortScan"
"1525879833.016171|CfHl9r3XMYtDQRrHnh|192.168.100.103|34243|147.7.65.203|49560|tcp|-|2.998804|0|0|S0|-|-|0|S|3|180|0|0|-|Benign|-"
"1525879833.044906|C7USrA15nFVkniMqC5|192.168.100.103|34840|145.164.35.6|21288|tcp|-|-|-|-|S0|-|-|0|S|1|60|0|0|-|Benign|-"
"1525879834.024847|CDtZ4so7bHKpIeCmi|192.168.100.103|58525|177.75.151.125|23|tcp|-|-|-|-|S0|-|-|0|S|1|60|0|0|-|Malicious|PartOfAHorizontalPortScan"
"1525879834.045086|Cj9lm7amKnWiNDh9c|192.168.100.103|43849|94.145.70.119|8080|tcp|-|-|-|-|S0|-|-|0|S|1|60|0|0|-|Malicious|PartOfAHorizontalPortScan"
"1525879836.044966|CgeVK21nm6PyVgJ4ah|192.168.100.103|40973|62.239.193.205|8080|tcp|-|-|-|-|S0|-|-|0|S|1|60|0|0|-|Malicious|PartOfAHorizontalPortScan"
"1525879837.005652|CFXxTW19F3sluNEkJk|192.168.100.103|52259|193.189.106.178|23|tcp|-|2.999300|0|0|S0|-|-|0|S|3|180|0|0|-|Malicious|PartOfAHorizontalPortScan"
"1525879838.006081|CRRl9U39PzvL3OiS61|192.168.100.103|42207|10.169.219.98|8080|tcp|-|2.993548|0|0|S0|-|-|0|S|3|180|0|0|-|Malicious|PartOfAHorizontalPortScan"
"1525879838.024838|C9hk4p2z9Y6AvlzLff|192.168.100.103|51524|65.127.233.163|23|tcp|-|-|-|-|S0|-|-|0|S|1|60|0|0|-|Malicious|PartOfAHorizontalPortScan"
"1525879839.006262|Cx7t1f1wqRES8kiTq6|192.168.100.103|40459|212.110.180.188|23|tcp|-|2.998807|0|0|S0|-|-|0|S|3|180|0|0|-|Malicious|PartOfAHorizontalPortScan"
"1525879839.025003|C3AFse2JfKAgalsik|192.168.100.103|60905|131.174.215.147|23|tcp|-|-|-|-|S0|-|-|0|S|1|60|0|0|-|Malicious|PartOfAHorizontalPortScan"
"1525879839.044992|CdQJe43wv9ipLJklh|192.168.100.103|56305|63.150.16.171|23|tcp|-|-|-|-|S0|-|-|0|S|1|60|0|0|-|Malicious|PartOfAHorizontalPortScan"
"1525879840.024934|C3ajsm4byxMkPys9Wa|192.168.100.103|34243|147.7.65.203|49560|tcp|-|-|-|-|S0|-|-|0|S|1|60|0|0|-|Benign|-"
"1525879840.044922|Cta8kR3Zfh09uPo77k|192.168.100.103|44301|91.42.47.63|23|tcp|-|-|-|-|S0|-|-|0|S|1|60|0|0|-|Malicious|PartOfAHorizontalPortScan"
"1525879841.005875|CRwLRg1TuvUDjEHuI5|192.168.100.103|39813|167.185.30.24|23|tcp|-|2.999050|0|0|S0|-|-|0|S|3|180|0|0|-|Malicious|PartOfAHorizontalPortScan"
"1525879842.045068|C321Ny2f5jKD9L6Mle|192.168.100.103|58525|177.75.151.125|23|tcp|-|-|-|-|S0|-|-|0|S|1|60|0|0|-|Malicious|PartOfAHorizontalPortScan"
"1525879844.014931|CrJlH628XAusbodPRj|192.168.100.103|52259|193.189.106.178|23|tcp|-|-|-|-|S0|-|-|0|S|1|60|0|0|-|Malicious|PartOfAHorizontalPortScan"
"1525879845.005600|COg0k54oem3iaotstl|192.168.100.103|52482|176.65.163.218|23|tcp|-|2.999302|0|0|S0|-|-|0|S|3|180|0|0|-|Malicious|PartOfAHorizontalPortScan"
"1525879846.006029|Ca2iCc4TnXj6Sh0nL4|192.168.100.103|49307|178.63.128.143|23|tcp|-|2.999057|0|0|S0|-|-|0|S|3|180|0|0|-|Malicious|PartOfAHorizontalPortScan"
"1525879846.015025|CeR4iv43Kd87WqYwyj|192.168.100.103|40459|212.110.180.188|23|tcp|-|-|-|-|S0|-|-|0|S|1|60|0|0|-|Malicious|PartOfAHorizontalPortScan"
"1525879846.045008|CDxdKP16IucJ2SnIo1|192.168.100.103|51524|65.127.233.163|23|tcp|-|-|-|-|S0|-|-|0|S|1|60|0|0|-|Malicious|PartOfAHorizontalPortScan"
"1525879847.005961|CRMhtY1V0mbZAnC0Je|192.168.100.103|52702|193.27.150.202|2323|tcp|-|2.999068|0|0|S0|-|-|0|S|3|180|0|0|-|Malicious|PartOfAHorizontalPortScan"
"1525879847.044956|Cwxzja3C5Rok5o638a|192.168.100.103|60905|131.174.215.147|23|tcp|-|-|-|-|S0|-|-|0|S|1|60|0|0|-|Malicious|PartOfAHorizontalPortScan"
"1525879848.006142|Cvph3b2XR2Agi7pWge|192.168.100.103|40485|185.155.75.66|8080|tcp|-|2.998813|0|0|S0|-|-|0|S|3|180|0|0|-|Malicious|PartOfAHorizontalPortScan"
"1525879848.014890|CHuhyt1cN2dqNwunS6|192.168.100.103|39813|167.185.30.24|23|tcp|-|-|-|-|S0|-|-|0|S|1|60|0|0|-|Malicious|PartOfAHorizontalPortScan"
"1525879848.044871|Cahg1h1asfICn0Hp5l|192.168.100.103|34243|147.7.65.203|49560|tcp|-|-|-|-|S0|-|-|0|S|1|60|0|0|-|Benign|-"
"1525879849.006323|Cfie2L1e9AWWCHTit1|192.168.100.103|48469|27.135.195.214|2323|tcp|-|0.998710|0|0|S0|-|-|0|S|2|120|0|0|-|Malicious|PartOfAHorizontalPortScan"
"1525879850.006254|CRWpXU1063GcM3Txv|192.168.100.103|55730|54.153.208.92|8080|tcp|-|2.998805|0|0|S0|-|-|0|S|3|180|0|0|-|Malicious|PartOfAHorizontalPortScan"
"1525879851.006185|CKzxwp32o4lTb5p6a|192.168.100.103|50261|52.228.207.106|8080|tcp|-|2.998806|0|0|S0|-|-|0|S|3|180|0|0|-|Malicious|PartOfAHorizontalPortScan"
"1525879852.006366|CoYpYt3TMDzK7nGmya|192.168.100.103|40229|157.139.228.218|23|tcp|-|2.998556|0|0|S0|-|-|0|S|3|180|0|0|-|Malicious|PartOfAHorizontalPortScan"
"1525879852.014862|CcoC6m4RX5ddcKImDa|192.168.100.103|52482|176.65.163.218|23|tcp|-|-|-|-|S0|-|-|0|S|1|60|0|0|-|Malicious|PartOfAHorizontalPortScan"
"1525879852.045094|C2upK04DMFI2QdTk67|192.168.100.103|52259|193.189.106.178|23|tcp|-|-|-|-|S0|-|-|0|S|1|60|0|0|-|Malicious|PartOfAHorizontalPortScan"
"1525879853.006297|C5mMWE4sum4tJGl6R1|192.168.100.103|33032|131.79.222.29|2323|tcp|-|2.998807|0|0|S0|-|-|0|S|3|180|0|0|-|Malicious|PartOfAHorizontalPortScan"
"1525879853.015045|CSv83fmDmycFvU128|192.168.100.103|49307|178.63.128.143|23|tcp|-|-|-|-|S0|-|-|0|S|1|60|0|0|-|Malicious|PartOfAHorizontalPortScan"
"1525879854.014976|CnrN2S3CMYLum7c498|192.168.100.103|52702|193.27.150.202|2323|tcp|-|-|-|-|S0|-|-|0|S|1|60|0|0|-|Malicious|PartOfAHorizontalPortScan"
"1525879854.044959|Co483fPxzsOt2SHx|192.168.100.103|40459|212.110.180.188|23|tcp|-|-|-|-|S0|-|-|0|S|1|60|0|0|-|Malicious|PartOfAHorizontalPortScan"
"1525879855.014906|CCDo3g4tOZoHc7CVdd|192.168.100.103|40485|185.155.75.66|8080|tcp|-|-|-|-|S0|-|-|0|S|1|60|0|0|-|Malicious|PartOfAHorizontalPortScan"
"1525879856.006092|CehYaNcn6msEjrqxb|192.168.100.103|37533|163.215.228.4|9527|tcp|-|2.998805|0|0|S0|-|-|0|S|3|180|0|0|-|Malicious|PartOfAHorizontalPortScan"
"1525879856.045073|Cq8jii32liVhYgeBEl|192.168.100.103|39813|167.185.30.24|23|tcp|-|-|-|-|S0|-|-|0|S|1|60|0|0|-|Malicious|PartOfAHorizontalPortScan"
"1525879857.006023|CLHcgy47ll328Bk681|192.168.100.103|58116|133.214.177.90|9527|tcp|-|2.999060|0|0|S0|-|-|0|S|3|180|0|0|-|Malicious|PartOfAHorizontalPortScan"
"1525879857.015020|CxanLX1JmxcfSaUJW5|192.168.100.103|55730|54.153.208.92|8080|tcp|-|-|-|-|S0|-|-|0|S|1|60|0|0|-|Malicious|PartOfAHorizontalPortScan"
"1525879858.014951|CChQtc1mrpU9GWEGZ5|192.168.100.103|50261|52.228.207.106|8080|tcp|-|-|-|-|S0|-|-|0|S|1|60|0|0|-|Malicious|PartOfAHorizontalPortScan"
"1525879859.006387|ChQ6aR2J1wAhkqaml8|192.168.100.103|33685|197.224.138.9|34797|tcp|-|2.998560|0|0|S0|-|-|0|S|3|180|0|0|-|Benign|-"
"1525879859.014882|CZ2EjJ1tk6JPmJv7xf|192.168.100.103|40229|157.139.228.218|23|tcp|-|-|-|-|S0|-|-|0|S|1|60|0|0|-|Malicious|PartOfAHorizontalPortScan"
"1525879860.015064|CnobTh1At4hePSmJng|192.168.100.103|33032|131.79.222.29|2323|tcp|-|-|-|-|S0|-|-|0|S|1|60|0|0|-|Malicious|PartOfAHorizontalPortScan"
"1525879860.045047|CA6xQV2MwZx9TvXsJe|192.168.100.103|52482|176.65.163.218|23|tcp|-|-|-|-|S0|-|-|0|S|1|60|0|0|-|Malicious|PartOfAHorizontalPortScan"
"1525879861.044980|C4CIee2T8gDOWhoyki|192.168.100.103|49307|178.63.128.143|23|tcp|-|-|-|-|S0|-|-|0|S|1|60|0|0|-|Malicious|PartOfAHorizontalPortScan"
"1525879862.044910|CjohNt3DaRZ4Q4SrBk|192.168.100.103|52702|193.27.150.202|2323|tcp|-|-|-|-|S0|-|-|0|S|1|60|0|0|-|Malicious|PartOfAHorizontalPortScan"
"1525879863.006113|CRph4J2V6x1Ai6Ye3i|192.168.100.103|35197|106.186.242.22|23|tcp|-|2.998807|0|0|S0|-|-|0|S|3|180|0|0|-|Malicious|PartOfAHorizontalPortScan"
"1525879863.015108|Cz61Fv4mxkQvHndVob|192.168.100.103|37533|163.215.228.4|9527|tcp|-|-|-|-|S0|-|-|0|S|1|60|0|0|-|Malicious|PartOfAHorizontalPortScan"
"1525879863.045091|CWjeJD2g21hqagM4ja|192.168.100.103|40485|185.155.75.66|8080|tcp|-|-|-|-|S0|-|-|0|S|1|60|0|0|-|Malicious|PartOfAHorizontalPortScan"
"1525879864.006044|Ck0vs04IWCA5d1rOyl|192.168.100.103|42973|151.104.218.115|8080|tcp|-|2.999056|0|0|S0|-|-|0|S|3|180|0|0|-|Malicious|PartOfAHorizontalPortScan"
"1525879864.015039|CKCmcWl2rDxxM2I9i|192.168.100.103|58116|133.214.177.90|9527|tcp|-|-|-|-|S0|-|-|0|S|1|60|0|0|-|Malicious|PartOfAHorizontalPortScan"
"1525879865.006226|CAbKj644yAUjqESh5k|192.168.100.103|60438|9.42.255.130|8080|tcp|-|2.998798|0|0|S0|-|-|0|S|3|180|0|0|-|Malicious|PartOfAHorizontalPortScan"
"1525879865.044954|Co9xtc1ianE7b1FuA5|192.168.100.103|55730|54.153.208.92|8080|tcp|-|-|-|-|S0|-|-|0|S|1|60|0|0|-|Malicious|PartOfAHorizontalPortScan"
"1525879866.014904|C2CPp42ZWJfbULlXW4|192.168.100.103|33685|197.224.138.9|34797|tcp|-|-|-|-|S0|-|-|0|S|1|60|0|0|-|Benign|-"
"1525879866.045136|CgHgnD2KW5uqldunM|192.168.100.103|50261|52.228.207.106|8080|tcp|-|-|-|-|S0|-|-|0|S|1|60|0|0|-|Malicious|PartOfAHorizontalPortScan"
"1525879867.045070|CldwMY10cGyPHPhPyd|192.168.100.103|40229|157.139.228.218|23|tcp|-|-|-|-|S0|-|-|0|S|1|60|0|0|-|Malicious|PartOfAHorizontalPortScan"
"1525879868.045000|C2G73PFa49SsCvSK8|192.168.100.103|33032|131.79.222.29|2323|tcp|-|-|-|-|S0|-|-|0|S|1|60|0|0|-|Malicious|PartOfAHorizontalPortScan"
"1525879869.005954|CI3ijZnHZIlu0N5ad|192.168.100.103|48602|111.22.8.233|8080|tcp|-|2.999059|0|0|S0|-|-|0|S|3|180|0|0|-|Malicious|PartOfAHorizontalPortScan"
"1525879870.014880|CWKlws1SVxWb6t7R4a|192.168.100.103|35197|106.186.242.22|23|tcp|-|-|-|-|S0|-|-|0|S|1|60|0|0|-|Malicious|PartOfAHorizontalPortScan"
"1525879871.006068|Co34Xc3WU03hQANB9c|192.168.100.103|36104|220.61.210.79|2323|tcp|-|2.999062|0|0|S0|-|-|0|S|3|180|0|0|-|Malicious|PartOfAHorizontalPortScan"
"1525879871.015062|CNwXbi3IPjac8X2aD2|192.168.100.103|42973|151.104.218.115|8080|tcp|-|-|-|-|S0|-|-|0|S|1|60|0|0|-|Malicious|PartOfAHorizontalPortScan"
"1525879871.045044|Cgy5Lq80XHssZ7aPc|192.168.100.103|37533|163.215.228.4|9527|tcp|-|-|-|-|S0|-|-|0|S|1|60|0|0|-|Malicious|PartOfAHorizontalPortScan"
"1525879872.014994|CHAP558kop4eM2t4c|192.168.100.103|60438|9.42.255.130|8080|tcp|-|-|-|-|S0|-|-|0|S|1|60|0|0|-|Malicious|PartOfAHorizontalPortScan"
"1525879872.044976|CYHuPggs2g1emGIuc|192.168.100.103|58116|133.214.177.90|9527|tcp|-|-|-|-|S0|-|-|0|S|1|60|0|0|-|Malicious|PartOfAHorizontalPortScan"
"1525879873.005931|CUKCo44XCM8cKtif09|192.168.100.103|37334|161.90.43.63|23|tcp|-|2.999066|0|0|S0|-|-|0|S|3|180|0|0|-|Malicious|PartOfAHorizontalPortScan"
"1525879874.045090|CGoQxu1VQ8LECOtDV9|192.168.100.103|33685|197.224.138.9|34797|tcp|-|-|-|-|S0|-|-|0|S|1|60|0|0|-|Benign|-"
"1525879876.014971|Cf8sb49krzYx4BMHe|192.168.100.103|48602|111.22.8.233|8080|tcp|-|-|-|-|S0|-|-|0|S|1|60|0|0|-|Malicious|PartOfAHorizontalPortScan"
"1525879877.005909|CTqr4t2zG2ADoN7Fhj|192.168.100.103|35728|142.28.176.45|23|tcp|-|2.999056|0|0|S0|-|-|0|S|3|180|0|0|-|Malicious|PartOfAHorizontalPortScan"
"1525879878.006089|C00owvP7n6XplHpj4|192.168.100.103|42885|126.19.105.2|23|tcp|-|2.999050|0|0|S0|-|-|0|S|3|180|0|0|-|Malicious|PartOfAHorizontalPortScan"
"1525879878.015085|C2aaEJb4TiMYfHgBl|192.168.100.103|36104|220.61.210.79|2323|tcp|-|-|-|-|S0|-|-|0|S|1|60|0|0|-|Malicious|PartOfAHorizontalPortScan"
"1525879878.045068|CQAgdv48iMUjn3Go6|192.168.100.103|35197|106.186.242.22|23|tcp|-|-|-|-|S0|-|-|0|S|1|60|0|0|-|Malicious|PartOfAHorizontalPortScan"
"1525879879.006522|CnMGrKyC1aWgSq1O3|192.168.100.103|35310|35.123.168.174|8080|tcp|-|2.998555|0|0|S0|-|-|0|S|3|180|0|0|-|Malicious|PartOfAHorizontalPortScan"
"1525879879.045018|CNlSta2GGh1TUffj1e|192.168.100.103|42973|151.104.218.115|8080|tcp|-|-|-|-|S0|-|-|0|S|1|60|0|0|-|Malicious|PartOfAHorizontalPortScan"
"1525879880.014948|CsvHKa2G0obOVXltpl|192.168.100.103|37334|161.90.43.63|23|tcp|-|-|-|-|S0|-|-|0|S|1|60|0|0|-|Malicious|PartOfAHorizontalPortScan"
"1525879880.016197|CMswYvqlGEUs5FVO1|192.168.100.103|35876|25.140.221.21|9527|tcp|-|2.998815|0|0|S0|-|-|0|S|3|180|0|0|-|Malicious|PartOfAHorizontalPortScan"
"1525879880.044931|CFRB0V1lrigpcgo4F9|192.168.100.103|60438|9.42.255.130|8080|tcp|-|-|-|-|S0|-|-|0|S|1|60|0|0|-|Malicious|PartOfAHorizontalPortScan"
"1525879882.015811|CeciVc15khDt36naOe|192.168.100.103|36994|218.249.159.92|9527|tcp|-|0.456510|0|0|REJ|-|-|0|Sr|1|60|1|40|-|Malicious|PartOfAHorizontalPortScan"
"1525879883.016243|COzvz94b1O9bnPcwMa|192.168.100.103|60798|125.219.36.111|23|tcp|-|2.998815|0|0|S0|-|-|0|S|3|180|0|0|-|Malicious|PartOfAHorizontalPortScan"
"1525879884.014936|CdYcHN1FLQroNboBV6|192.168.100.103|35728|142.28.176.45|23|tcp|-|-|-|-|S0|-|-|0|S|1|60|0|0|-|Malicious|PartOfAHorizontalPortScan"
"1525879884.016425|Ce3y9L3iUqJ5cwPcuc|192.168.100.103|43780|205.67.37.168|2323|tcp|-|2.998556|0|0|S0|-|-|0|S|3|180|0|0|-|Malicious|PartOfAHorizontalPortScan"
"1525879884.045170|CEJAq12f1z1p0Bnop|192.168.100.103|48602|111.22.8.233|8080|tcp|-|-|-|-|S0|-|-|0|S|1|60|0|0|-|Malicious|PartOfAHorizontalPortScan"
"1525879885.015118|CBGrOy1hIEvmvYW5kf|192.168.100.103|42885|126.19.105.2|23|tcp|-|-|-|-|S0|-|-|0|S|1|60|0|0|-|Malicious|PartOfAHorizontalPortScan"
"1525879885.016357|Cb1U1J3iVWjYjhA6b|192.168.100.103|49397|170.138.139.23|23|tcp|-|2.998805|0|0|S0|-|-|0|S|3|180|0|0|-|Malicious|PartOfAHorizontalPortScan"
"1525879831.015073|CwxSC63ae0nsF5U8Rc|192.168.100.103|43763|154.8.94.65|14336|udp|-|-|-|-|S0|-|-|0|D|1|40|0|0|-|Benign|-"
"1525879886.015291|CJvc154FiirmzOIurc|192.168.100.103|35310|35.123.168.174|8080|tcp|-|-|-|-|S0|-|-|0|S|1|60|0|0|-|Malicious|PartOfAHorizontalPortScan"
"1525879886.016539|CO9ZgwLOFh7S2Wdi9|192.168.100.103|44000|102.168.123.18|23|tcp|-|2.998557|0|0|S0|-|-|0|S|3|180|0|0|-|Malicious|PartOfAHorizontalPortScan"
"1525879886.045024|CWLO9JaiySv6B14lg|192.168.100.103|36104|220.61.210.79|2323|tcp|-|-|-|-|S0|-|-|0|S|1|60|0|0|-|Malicious|PartOfAHorizontalPortScan"
"1525879832.015493|CC6vK11dpBdpp6Tp82|192.168.100.103|43763|196.170.198.141|11764|udp|-|-|-|-|S0|-|-|0|D|1|40|0|0|-|Benign|-"
"1525879887.024967|CeKunIB0B5gfcnpve|192.168.100.103|35876|25.140.221.21|9527|tcp|-|-|-|-|S0|-|-|0|S|1|60|0|0|-|Malicious|PartOfAHorizontalPortScan"
"1525879833.015424|Cwm6z43XICYNco6X3c|192.168.100.103|43763|118.112.204.139|2441|udp|-|-|-|-|S0|-|-|0|D|1|40|0|0|-|Benign|-"
"1525879888.016403|Ck5yBs2c6nAzp89SH2|192.168.100.103|36589|104.15.217.111|8080|tcp|-|2.998557|0|0|S0|-|-|0|S|3|180|0|0|-|Malicious|PartOfAHorizontalPortScan"
"1525879888.045138|CkipDz1h6OSNyjapc1|192.168.100.103|37334|161.90.43.63|23|tcp|-|-|-|-|S0|-|-|0|S|1|60|0|0|-|Malicious|PartOfAHorizontalPortScan"
"1525879834.015605|CSORLf11E0Qucikaj5|192.168.100.103|43763|51.148.125.188|60862|udp|-|-|-|-|S0|-|-|0|D|1|40|0|0|-|Benign|-"
"1525879889.016585|CwspRV2DSEiUjCbk7j|192.168.100.103|49839|176.131.225.247|23|tcp|-|2.998559|0|0|S0|-|-|0|S|3|180|0|0|-|Malicious|PartOfAHorizontalPortScan"
"1525879835.005303|COoNg7tQKZ6vEkt2g|192.168.100.103|43763|4.73.32.105|7140|udp|-|-|-|-|S0|-|-|0|D|1|40|0|0|-|Benign|-"
"1525879890.025014|C7U6no1Tf8sJiW7xA|192.168.100.103|60798|125.219.36.111|23|tcp|-|-|-|-|S0|-|-|0|S|1|60|0|0|-|Malicious|PartOfAHorizontalPortScan"
"1525879836.004994|CZleUm1UKzGY8MWxP1|192.168.100.103|43763|35.38.213.214|56982|udp|-|-|-|-|S0|-|-|0|D|1|40|0|0|-|Benign|-"
"1525879891.016450|CSXtqQ2F6dPbc1Hknl|192.168.100.103|38855|91.111.5.30|23|tcp|-|2.998565|0|0|S0|-|-|0|S|3|180|0|0|-|Malicious|PartOfAHorizontalPortScan"
"1525879891.024945|CHXmiL1Gqfoj1H4PR3|192.168.100.103|43780|205.67.37.168|2323|tcp|-|-|-|-|S0|-|-|0|S|1|60|0|0|-|Malicious|PartOfAHorizontalPortScan"
"1525879837.005157|CCIJ1z2tBPkWMMZlBh|192.168.100.103|43763|195.88.192.199|33773|udp|-|-|-|-|S0|-|-|0|D|1|40|0|0|-|Benign|-"
"1525879892.025128|CscHG6O9SFCpzERRb|192.168.100.103|49397|170.138.139.23|23|tcp|-|-|-|-|S0|-|-|0|S|1|60|0|0|-|Malicious|PartOfAHorizontalPortScan"
"1525879892.045117|CPmLwD2lfo7UytUYD7|192.168.100.103|35728|142.28.176.45|23|tcp|-|-|-|-|S0|-|-|0|S|1|60|0|0|-|Malicious|PartOfAHorizontalPortScan"
"1525879838.005593|CFNJJG1hvJqgcwRTl4|192.168.100.103|43763|198.154.112.51|65495|udp|-|-|-|-|S0|-|-|0|D|1|40|0|0|-|Benign|-"
"1525879893.025070|CTzbji1ZHIQEa8mXji|192.168.100.103|44000|102.168.123.18|23|tcp|-|-|-|-|S0|-|-|0|S|1|60|0|0|-|Malicious|PartOfAHorizontalPortScan"
"1525879893.045062|Cvs5a4jDwOlwPZarl|192.168.100.103|42885|126.19.105.2|23|tcp|-|-|-|-|S0|-|-|0|S|1|60|0|0|-|Malicious|PartOfAHorizontalPortScan"
"1525879839.005265|C61tf1447QWryRBcD6|192.168.100.103|43763|65.88.143.49|1350|udp|-|-|-|-|S0|-|-|0|D|1|40|0|0|-|Benign|-"
"1525879894.044981|C5s0Zt3XoILrjsZSj4|192.168.100.103|35310|35.123.168.174|8080|tcp|-|-|-|-|S0|-|-|0|S|1|60|0|0|-|Malicious|PartOfAHorizontalPortScan"
"1525879840.005693|ChMpPQ1zUFuNoKjH29|192.168.100.103|43763|237.97.116.40|25098|udp|-|-|-|-|S0|-|-|0|D|1|40|0|0|-|Benign|-"
"1525879895.015931|CR32ExfmcLkPjXsmf|192.168.100.103|56410|181.59.165.142|2478|tcp|-|2.999309|0|0|S0|-|-|0|S|3|180|0|0|-|Benign|-"
"1525879895.025177|Csof7n1TH5LO5VU82d|192.168.100.103|36589|104.15.217.111|8080|tcp|-|-|-|-|S0|-|-|0|S|1|60|0|0|-|Malicious|PartOfAHorizontalPortScan"
"1525879895.045163|CQCqbQ2PMDEGAHmXDc|192.168.100.103|35876|25.140.221.21|9527|tcp|-|-|-|-|S0|-|-|0|S|1|60|0|0|-|Malicious|PartOfAHorizontalPortScan"
"1525879841.005128|C1CbQe103yK6DAA1Eb|192.168.100.103|43763|129.132.95.159|59695|udp|-|-|-|-|S0|-|-|0|D|1|40|0|0|-|Benign|-"
"1525879896.016362|C4di7q3SCgjSB2CU4l|192.168.100.103|34192|156.3.160.28|2323|tcp|-|2.998817|0|0|S0|-|-|0|S|3|180|0|0|-|Malicious|PartOfAHorizontalPortScan"
"1525879896.025118|Cowyqg2wnfhopbyDie|192.168.100.103|49839|176.131.225.247|23|tcp|-|-|-|-|S0|-|-|0|S|1|60|0|0|-|Malicious|PartOfAHorizontalPortScan"
"1525879842.005813|CAeQJv16YRuBRg7vyb|192.168.100.103|43763|128.53.93.97|15976|udp|-|-|-|-|S0|-|-|0|D|1|40|0|0|-|Benign|-"
"1525879897.016294|Cyqi1d1S4emrpx80M4|192.168.100.103|49034|87.111.206.14|23|tcp|-|2.998808|0|0|S0|-|-|0|S|3|180|0|0|-|Malicious|PartOfAHorizontalPortScan"
"1525879842.860331|CIVrL917hicQSzlRAi|192.168.100.103|123|147.231.100.5|123|udp|-|0.001239|48|48|SF|-|-|0|Dd|1|76|1|76|-|Benign|-"
"1525879843.005245|CeMgN9j3rsnSW9ow2|192.168.100.103|43763|175.181.81.141|798|udp|-|-|-|-|S0|-|-|0|D|1|40|0|0|-|Benign|-"
"1525879898.024972|CUsoBnYRssziyxYZ7|192.168.100.103|38855|91.111.5.30|23|tcp|-|-|-|-|S0|-|-|0|S|1|60|0|0|-|Malicious|PartOfAHorizontalPortScan"
"1525879898.045211|CfHoGW17MDiXMA7oC1|192.168.100.103|60798|125.219.36.111|23|tcp|-|-|-|-|S0|-|-|0|S|1|60|0|0|-|Malicious|PartOfAHorizontalPortScan"
"1525879840.999132|CZKirO2xw720VXyGf7|192.168.100.1|3|192.168.100.103|1|icmp|-|3.000055|180|0|OTH|-|-|0|-|3|264|0|0|-|Benign|-"
"1525879844.005421|CHxs7V1PocZw0krQ9l|192.168.100.103|43763|183.27.99.193|40527|udp|-|-|-|-|S0|-|-|0|D|1|40|0|0|-|Benign|-"
"1525879899.045144|CQhiIsUdM9Gtnp5ll|192.168.100.103|43780|205.67.37.168|2323|tcp|-|-|-|-|S0|-|-|0|S|1|60|0|0|-|Malicious|PartOfAHorizontalPortScan"
"1525879845.005103|CRdg2a4k6R86orRFD7|192.168.100.103|43763|173.82.148.74|56969|udp|-|-|-|-|S0|-|-|0|D|1|40|0|0|-|Benign|-"
"1525879900.045076|CIrhmz2U3WbgFTYuC6|192.168.100.103|49397|170.138.139.23|23|tcp|-|-|-|-|S0|-|-|0|S|1|60|0|0|-|Malicious|PartOfAHorizontalPortScan"
"1525879846.005532|CuNsrn2asRoJisKJcl|192.168.100.103|43763|81.228.77.174|61072|udp|-|-|-|-|S0|-|-|0|D|1|40|0|0|-|Benign|-"
"1525879901.016025|CdDGQb4CsYRzoDSyhi|192.168.100.103|35151|79.19.121.231|2323|tcp|-|2.999057|0|0|S0|-|-|0|S|3|180|0|0|-|Malicious|PartOfAHorizontalPortScan"
"1525879901.045030|C8pCEC47RMWbLxu7pb|192.168.100.103|44000|102.168.123.18|23|tcp|-|-|-|-|S0|-|-|0|S|1|60|0|0|-|Malicious|PartOfAHorizontalPortScan"
"1525879847.005465|CarjlR34QJvVt0ERUj|192.168.100.103|43763|76.255.126.64|25403|udp|-|-|-|-|S0|-|-|0|D|1|40|0|0|-|Benign|-"
"1525879902.025207|CYKaMp1fvafBLTEqOg|192.168.100.103|56410|181.59.165.142|2478|tcp|-|-|-|-|S0|-|-|0|S|1|60|0|0|-|Benign|-"
"1525879848.005645|C3bwvv1Ip6nWjwapC7|192.168.100.103|43763|211.23.5.111|43289|udp|-|-|-|-|S0|-|-|0|D|1|40|0|0|-|Benign|-"
"1525879903.015890|CSF72w2WCP60iDVR32|192.168.100.103|37151|211.169.31.213|23|tcp|-|2.999315|0|0|S0|-|-|0|S|3|180|0|0|-|Malicious|PartOfAHorizontalPortScan"
"1525879903.025134|CVFfN21Mis9iRLUpL9|192.168.100.103|34192|156.3.160.28|2323|tcp|-|-|-|-|S0|-|-|0|S|1|60|0|0|-|Malicious|PartOfAHorizontalPortScan"
"1525879903.045124|CvKMev2fxl07I0DFRd|192.168.100.103|36589|104.15.217.111|8080|tcp|-|-|-|-|S0|-|-|0|S|1|60|0|0|-|Malicious|PartOfAHorizontalPortScan"
"1525879849.005576|CNz9uI17Fb4aE7zjR8|192.168.100.103|43763|8.7.228.40|5679|udp|-|-|-|-|S0|-|-|0|D|1|40|0|0|-|Benign|-"
"1525879904.025067|CgqRn110PxhgKLNfNb|192.168.100.103|49034|87.111.206.14|23|tcp|-|-|-|-|S0|-|-|0|S|1|60|0|0|-|Malicious|PartOfAHorizontalPortScan"
"1525879904.045055|CK5qYn1YiVsj45LE09|192.168.100.103|49839|176.131.225.247|23|tcp|-|-|-|-|S0|-|-|0|S|1|60|0|0|-|Malicious|PartOfAHorizontalPortScan"
"1525879850.005755|C1Qa713yr3ACUNJri9|192.168.100.103|43763|74.144.120.255|26721|udp|-|-|-|-|S0|-|-|0|D|1|40|0|0|-|Benign|-"
"1525879905.016005|Cnn5YZ275IbYRiclw|192.168.100.103|34270|139.57.54.239|23|tcp|-|2.999057|0|0|S0|-|-|0|S|3|180|0|0|-|Malicious|PartOfAHorizontalPortScan"
"1525879850.375819|C0kwyC47NorZVvNat8|122.152.1.198|11|192.168.100.103|0|icmp|-|-|-|-|OTH|-|-|0|-|1|56|0|0|-|Benign|-"
"1525879851.005688|CHhPev3LqzVZOySCi|192.168.100.103|43763|29.63.215.131|58861|udp|-|-|-|-|S0|-|-|0|D|1|40|0|0|-|Benign|-"
"1525879906.045200|C1MVfYBg5amf9laql|192.168.100.103|38855|91.111.5.30|23|tcp|-|-|-|-|S0|-|-|0|S|1|60|0|0|-|Malicious|PartOfAHorizontalPortScan"
"1525879852.005370|CFS2CR2wdAvlWX0yn4|192.168.100.103|43763|77.217.131.211|15256|udp|-|-|-|-|S0|-|-|0|D|1|40|0|0|-|Benign|-"
"1525879907.016120|CYlR2Y1d6yjCLByRVf|192.168.100.103|43202|38.103.171.238|8080|tcp|-|2.999065|0|0|S0|-|-|0|S|3|180|0|0|-|Malicious|PartOfAHorizontalPortScan"
"1525879852.488356|CYTRb34oQXGxDRvh25|77.217.131.211|3|192.168.100.103|3|icmp|-|-|-|-|OTH|-|-|0|-|1|68|0|0|-|Benign|-"
"1525879853.005799|CIjk7t1bOG40oFqZd8|192.168.100.103|43763|186.103.101.236|13207|udp|-|-|-|-|S0|-|-|0|D|1|40|0|0|-|Benign|-"
"1525879908.025046|CQ9b1a17xfZbl1UCS3|192.168.100.103|35151|79.19.121.231|2323|tcp|-|-|-|-|S0|-|-|0|S|1|60|0|0|-|Malicious|PartOfAHorizontalPortScan"
"1525879854.005731|CHLKuT32rZT5rvBpUf|192.168.100.103|43763|4.5.84.209|12953|udp|-|-|-|-|S0|-|-|0|D|1|40|0|0|-|Benign|-"
"1525879909.016237|C6RFhT1NhlHFsOYfye|192.168.100.103|34417|19.217.46.253|8080|tcp|-|2.998806|0|0|S0|-|-|0|S|3|180|0|0|-|Malicious|PartOfAHorizontalPortScan"
"1525879855.005663|CgKwma2su9WOfNm9q4|192.168.100.103|43763|103.28.210.16|19730|udp|-|-|-|-|S0|-|-|0|D|1|40|0|0|-|Benign|-"
"1525879910.016416|CeFeNz4JpcKbrwIoRd|192.168.100.103|42451|47.186.63.12|23|tcp|-|2.998812|0|0|S0|-|-|0|S|3|180|0|0|-|Malicious|PartOfAHorizontalPortScan"
"1525879910.045150|CcvozT37FMMwE0qpFb|192.168.100.103|56410|181.59.165.142|2478|tcp|-|-|-|-|S0|-|-|0|S|1|60|0|0|-|Benign|-"
"1525879856.005595|CipLSF2FHZDZLTNpD5|192.168.100.103|43763|72.249.243.146|8506|udp|-|-|-|-|S0|-|-|0|D|1|40|0|0|-|Benign|-"
"1525879911.016349|CXox0q1Hyk8i6orJT8|192.168.100.103|36460|47.140.34.32|8080|tcp|-|2.998809|0|0|S0|-|-|0|S|3|180|0|0|-|Malicious|PartOfAHorizontalPortScan"
"1525879911.045084|CqYvOB2Qnq5VRHylw7|192.168.100.103|34192|156.3.160.28|2323|tcp|-|-|-|-|S0|-|-|0|S|1|60|0|0|-|Malicious|PartOfAHorizontalPortScan"
"1525879857.005526|CPXdRn4K4g9k2BnfI5|192.168.100.103|43763|44.33.86.114|48857|udp|-|-|-|-|S0|-|-|0|D|1|40|0|0|-|Benign|-"
"1525879912.016781|CCJVTSvvwqs3uWtr|192.168.100.103|40166|159.183.195.153|8080|tcp|-|2.998315|0|0|S0|-|-|0|S|3|180|0|0|-|Malicious|PartOfAHorizontalPortScan"
"1525879912.025036|Cf6mA34bneokFdkFib|192.168.100.103|34270|139.57.54.239|23|tcp|-|-|-|-|S0|-|-|0|S|1|60|0|0|-|Malicious|PartOfAHorizontalPortScan"
"1525879912.045023|COmpkE4D0HJL9226Lf|192.168.100.103|49034|87.111.206.14|23|tcp|-|-|-|-|S0|-|-|0|S|1|60|0|0|-|Malicious|PartOfAHorizontalPortScan"
"1525879858.005460|C5vTpn1MUMUah1Uvt2|192.168.100.103|43763|92.223.120.211|31497|udp|-|-|-|-|S0|-|-|0|D|1|40|0|0|-|Benign|-"
"1525879859.005389|Cg6efI2DnHYwvkNSN9|192.168.100.103|43763|230.186.13.205|60879|udp|-|-|-|-|S0|-|-|0|D|1|40|0|0|-|Benign|-"
"1525879914.025143|C5R9Gi3eApp2TJHpUe|192.168.100.103|43202|38.103.171.238|8080|tcp|-|-|-|-|S0|-|-|0|S|1|60|0|0|-|Malicious|PartOfAHorizontalPortScan"
"1525879860.005573|CKJ2yx2kxGcSNtNK23|192.168.100.103|43763|205.92.92.75|62538|udp|-|-|-|-|S0|-|-|0|D|1|40|0|0|-|Benign|-"
"1525879915.016080|Coe3fX1qDCXPJlOmH6|192.168.100.103|42830|111.92.128.54|8080|tcp|-|2.999060|0|0|S0|-|-|0|S|3|180|0|0|-|Malicious|PartOfAHorizontalPortScan"
"1525879861.005261|CniYbaljMirP2TkMd|192.168.100.103|43763|235.243.204.44|27885|udp|-|-|-|-|S0|-|-|0|D|1|40|0|0|-|Benign|-"
"1525879916.016515|CxWSaX1BdkFLj26yEd|192.168.100.103|49192|61.215.126.36|23|tcp|-|2.998556|0|0|S0|-|-|0|S|3|180|0|0|-|Malicious|PartOfAHorizontalPortScan"
"1525879916.025009|CuhcoW2smaqZnde6Ya|192.168.100.103|34417|19.217.46.253|8080|tcp|-|-|-|-|S0|-|-|0|S|1|60|0|0|-|Malicious|PartOfAHorizontalPortScan"
"1525879916.045247|CdyRqq4yL902uNkSE6|192.168.100.103|35151|79.19.121.231|2323|tcp|-|-|-|-|S0|-|-|0|S|1|60|0|0|-|Malicious|PartOfAHorizontalPortScan"
"1525879862.005433|C8LiKu41ORUvlG0zng|192.168.100.103|43763|8.0.137.226|47246|udp|-|-|-|-|S0|-|-|0|D|1|40|0|0|-|Benign|-"
"1525879917.016445|CKgffR2u7FCajvawwf|192.168.100.103|44147|88.25.208.145|8080|tcp|-|2.998817|0|0|S0|-|-|0|S|3|180|0|0|-|Malicious|PartOfAHorizontalPortScan"
"1525879917.025191|CAxmJS2VRriQBuhJMk|192.168.100.103|42451|47.186.63.12|23|tcp|-|-|-|-|S0|-|-|0|S|1|60|0|0|-|Malicious|PartOfAHorizontalPortScan"
"1525879863.005124|CXJ0d620vHfbrJBF5e|192.168.100.103|43763|243.85.202.144|7208|udp|-|-|-|-|S0|-|-|0|D|1|40|0|0|-|Benign|-"
"1525879918.016378|C4coCY29lAynaNtBba|192.168.100.103|53599|196.4.130.35|2323|tcp|-|2.998808|0|0|S0|-|-|0|S|3|180|0|0|-|Malicious|PartOfAHorizontalPortScan"
"1525879918.025124|CAu6fn2vl45dHUDc1e|192.168.100.103|36460|47.140.34.32|8080|tcp|-|-|-|-|S0|-|-|0|S|1|60|0|0|-|Malicious|PartOfAHorizontalPortScan"
"1525879864.005548|C3BNBp30h9HQ8opTq3|192.168.100.103|43763|96.95.176.123|52802|udp|-|-|-|-|S0|-|-|0|D|1|40|0|0|-|Benign|-"
"1525879919.025057|Cj3z9m3tcVDXnw2IOb|192.168.100.103|40166|159.183.195.153|8080|tcp|-|-|-|-|S0|-|-|0|S|1|60|0|0|-|Malicious|PartOfAHorizontalPortScan"
"1525879865.005479|Cyl7Rw1og3BLHFrzl|192.168.100.103|43763|16.231.54.44|36181|udp|-|-|-|-|S0|-|-|0|D|1|40|0|0|-|Benign|-"
"1525879920.015995|CtNk1n1MLPc7bTU5v9|192.168.100.103|50039|208.98.38.74|2323|tcp|-|2.999058|0|0|S0|-|-|0|S|3|180|0|0|-|Malicious|PartOfAHorizontalPortScan"
"1525879920.045228|COetCI3sZT16TZqO01|192.168.100.103|34270|139.57.54.239|23|tcp|-|-|-|-|S0|-|-|0|S|1|60|0|0|-|Malicious|PartOfAHorizontalPortScan"
"1525879866.005660|CSyJRAYI3boHw2Df5|192.168.100.103|43763|230.49.107.32|15425|udp|-|-|-|-|S0|-|-|0|D|1|40|0|0|-|Benign|-"
"1525879921.016427|CpdhI62kybwy2tnp1l|192.168.100.103|40983|83.173.41.5|56742|tcp|-|2.998808|0|0|S0|-|-|0|S|3|180|0|0|-|Benign|-"
"1525879867.005341|C0knUOhAWZnApIhVl|192.168.100.103|43763|124.209.133.112|61848|udp|-|-|-|-|S0|-|-|0|D|1|40|0|0|-|Benign|-"
"1525879922.025105|CYgqrA3LnFRCRAhxFe|192.168.100.103|42830|111.92.128.54|8080|tcp|-|-|-|-|S0|-|-|0|S|1|60|0|0|-|Malicious|PartOfAHorizontalPortScan"
"1525879922.045094|CYOL48wBvy9t9dIah|192.168.100.103|43202|38.103.171.238|8080|tcp|-|-|-|-|S0|-|-|0|S|1|60|0|0|-|Malicious|PartOfAHorizontalPortScan"
"1525879867.860615|Cq5lXlLlAHSwxtFDd|192.168.100.103|123|89.221.214.130|123|udp|-|0.003737|48|48|SF|-|-|0|Dd|1|76|1|76|-|Benign|-"
"1525879868.005521|Cz810P2wbW07mOGeK2|192.168.100.103|43763|182.38.96.176|23495|udp|-|-|-|-|S0|-|-|0|D|1|40|0|0|-|Benign|-"
"1525879923.016293|C6K0nG3tK4DKucB1Zd|192.168.100.103|47863|204.99.190.99|8080|tcp|-|2.998817|0|0|S0|-|-|0|S|3|180|0|0|-|Malicious|PartOfAHorizontalPortScan"
"1525879923.025038|CJ03p336NnIGh5AwCj|192.168.100.103|49192|61.215.126.36|23|tcp|-|-|-|-|S0|-|-|0|S|1|60|0|0|-|Malicious|PartOfAHorizontalPortScan"
"1525879868.410809|C37YVX39MI9decg3Uh|182.38.96.176|3|192.168.100.103|3|icmp|-|-|-|-|OTH|-|-|0|-|1|68|0|0|-|Benign|-"
"1525879869.005215|CapD4fveAUwtSgvf5|192.168.100.103|43763|162.36.47.20|25523|udp|-|-|-|-|S0|-|-|0|D|1|40|0|0|-|Benign|-"
"1525879924.025224|CS7PFCPWFh8j5fhq6|192.168.100.103|44147|88.25.208.145|8080|tcp|-|-|-|-|S0|-|-|0|S|1|60|0|0|-|Malicious|PartOfAHorizontalPortScan"
"1525879924.045210|C9LIEt16RKv0C59Y3h|192.168.100.103|34417|19.217.46.253|8080|tcp|-|-|-|-|S0|-|-|0|S|1|60|0|0|-|Malicious|PartOfAHorizontalPortScan"
"1525879870.005387|C6fUhG3Zg77y6n8J9c|192.168.100.103|43763|134.159.7.217|46232|udp|-|-|-|-|S0|-|-|0|D|1|40|0|0|-|Benign|-"
"1525879925.025156|Cyr4Cj3olKJKn6FQmb|192.168.100.103|53599|196.4.130.35|2323|tcp|-|-|-|-|S0|-|-|0|S|1|60|0|0|-|Malicious|PartOfAHorizontalPortScan"
"1525879925.045142|Cp5gLX2ccHhL1Ez5bd|192.168.100.103|42451|47.186.63.12|23|tcp|-|-|-|-|S0|-|-|0|S|1|60|0|0|-|Malicious|PartOfAHorizontalPortScan"
"1525879871.005076|CwYEEw3woQFzvWl73k|192.168.100.103|43763|236.43.172.44|62754|udp|-|-|-|-|S0|-|-|0|D|1|40|0|0|-|Benign|-"
"1525879926.045077|CdFEJQ26eVJhiv4tZd|192.168.100.103|36460|47.140.34.32|8080|tcp|-|-|-|-|S0|-|-|0|S|1|60|0|0|-|Malicious|PartOfAHorizontalPortScan"
"1525879872.005500|CdkNzs1Cg4vDPw8Pn2|192.168.100.103|43763|89.32.56.59|36512|udp|-|-|-|-|S0|-|-|0|D|1|40|0|0|-|Benign|-"
"1525879927.016026|Cnwib229F0Du4CG2O5|192.168.100.103|56024|114.252.229.189|23|tcp|-|2.999058|0|0|S0|-|-|0|S|3|180|0|0|-|Malicious|PartOfAHorizontalPortScan"
"1525879927.025270|CUJmqL1Jn8wMCf94Ce|192.168.100.103|50039|208.98.38.74|2323|tcp|-|-|-|-|S0|-|-|0|S|1|60|0|0|-|Malicious|PartOfAHorizontalPortScan"
"1525879927.045259|Cggpv33Kf8y4WSjEH9|192.168.100.103|40166|159.183.195.153|8080|tcp|-|-|-|-|S0|-|-|0|S|1|60|0|0|-|Malicious|PartOfAHorizontalPortScan"
"1525879873.005192|CmuAmbiey2eR6tyJk|192.168.100.103|43763|125.231.228.190|65473|udp|-|-|-|-|S0|-|-|0|D|1|40|0|0|-|Benign|-"
"1525879928.016457|COK9lC4MHbdKtthFX2|192.168.100.103|39423|35.215.170.178|23|tcp|-|2.998819|0|0|S0|-|-|0|S|3|180|0|0|-|Malicious|PartOfAHorizontalPortScan"
"1525879928.025205|CMSWAa3PG0teJIiir8|192.168.100.103|40983|83.173.41.5|56742|tcp|-|-|-|-|S0|-|-|0|S|1|60|0|0|-|Benign|-"
"1525879874.005614|C6oSWYh57VXxXPUX1|192.168.100.103|43763|130.191.57.246|47968|udp|-|-|-|-|S0|-|-|0|D|1|40|0|0|-|Benign|-"
"1525879929.016390|C2OLBF2arR02ab5yu4|192.168.100.103|46566|199.120.207.219|8080|tcp|-|2.998811|0|0|S0|-|-|0|S|3|180|0|0|-|Malicious|PartOfAHorizontalPortScan"
"1525879875.005305|CQv5Er4zmLEnGPkPN5|192.168.100.103|43763|246.69.40.229|38839|udp|-|-|-|-|S0|-|-|0|D|1|40|0|0|-|Benign|-"
"1525879930.025069|C8mgar2w3qL83udgS|192.168.100.103|47863|204.99.190.99|8080|tcp|-|-|-|-|S0|-|-|0|S|1|60|0|0|-|Malicious|PartOfAHorizontalPortScan"
"1525879930.045308|CNkWFk1HfxhoK7AYZk|192.168.100.103|42830|111.92.128.54|8080|tcp|-|-|-|-|S0|-|-|0|S|1|60|0|0|-|Malicious|PartOfAHorizontalPortScan"
"1525879875.860578|CkahTOvIjNQqTYezk|192.168.100.103|123|37.187.104.44|123|udp|-|0.026467|48|48|SF|-|-|0|Dd|1|76|1|76|-|Benign|-"
"1525879876.005729|CFtj8p3u8r47UIO4C7|192.168.100.103|43763|88.7.40.103|9530|udp|-|-|-|-|S0|-|-|0|D|1|40|0|0|-|Benign|-"
"1525879931.045257|C2VsIW1A1Q1Iw2AlQ8|192.168.100.103|49192|61.215.126.36|23|tcp|-|-|-|-|S0|-|-|0|S|1|60|0|0|-|Malicious|PartOfAHorizontalPortScan"
"1525879877.005430|CgSDva4QFm5yI0RAD4|192.168.100.103|43763|95.140.168.201|23874|udp|-|-|-|-|S0|-|-|0|D|1|40|0|0|-|Benign|-"
"1525879932.045175|CSka9O3tFKl3zRC8o5|192.168.100.103|44147|88.25.208.145|8080|tcp|-|-|-|-|S0|-|-|0|S|1|60|0|0|-|Malicious|PartOfAHorizontalPortScan"
"1525879878.005592|Ckx18I10vyLlCaoA1|192.168.100.103|43763|207.8.76.106|20607|udp|-|-|-|-|S0|-|-|0|D|1|40|0|0|-|Benign|-"
"1525879933.016127|CqYlc536KnLmr7zvT8|192.168.100.103|44995|128.122.212.247|23|tcp|-|2.999056|0|0|S0|-|-|0|S|3|180|0|0|-|Malicious|PartOfAHorizontalPortScan"
"1525879933.045108|CIjyGB4EpKIxcKCjW1|192.168.100.103|53599|196.4.130.35|2323|tcp|-|-|-|-|S0|-|-|0|S|1|60|0|0|-|Malicious|PartOfAHorizontalPortScan"
"1525879879.005524|CXEYCS3ZvL9h6L2Mea|192.168.100.103|43763|156.217.159.193|38865|udp|-|-|-|-|S0|-|-|0|D|1|40|0|0|-|Benign|-"
"1525879934.025062|CUybd31emQj4IrEWu1|192.168.100.103|56024|114.252.229.189|23|tcp|-|-|-|-|S0|-|-|0|S|1|60|0|0|-|Malicious|PartOfAHorizontalPortScan"
"1525879880.015699|Cb1MeF3UyYL98Bhv6g|192.168.100.103|43763|32.65.183.93|2656|udp|-|-|-|-|S0|-|-|0|D|1|40|0|0|-|Benign|-"
"1525879935.025236|CvJUpy4tNqVlU9XTqi|192.168.100.103|39423|35.215.170.178|23|tcp|-|-|-|-|S0|-|-|0|S|1|60|0|0|-|Malicious|PartOfAHorizontalPortScan"
"1525879935.045224|CKU0dD1W9zmUGKi8Cj|192.168.100.103|50039|208.98.38.74|2323|tcp|-|-|-|-|S0|-|-|0|S|1|60|0|0|-|Malicious|PartOfAHorizontalPortScan"
"1525879881.015381|Cvaz4T3sIn7Ap2lAvk|192.168.100.103|43763|152.183.33.224|13171|udp|-|-|-|-|S0|-|-|0|D|1|40|0|0|-|Benign|-"
"1525879936.025167|CM9CV1II6g26Gnku3|192.168.100.103|46566|199.120.207.219|8080|tcp|-|-|-|-|S0|-|-|0|S|1|60|0|0|-|Malicious|PartOfAHorizontalPortScan"
"1525879936.045157|C7SugT2Mqof13Eu9D|192.168.100.103|40983|83.173.41.5|56742|tcp|-|-|-|-|S0|-|-|0|S|1|60|0|0|-|Benign|-"
"1525879882.015315|C3Koch1iZ40zzQvy09|192.168.100.103|43763|44.184.9.249|54740|udp|-|-|-|-|S0|-|-|0|D|1|40|0|0|-|Benign|-"
"1525879937.015860|CycyxO1ecyEzlG0Ud7|192.168.100.103|38459|77.116.81.80|23|tcp|-|2.999298|0|0|S0|-|-|0|S|3|180|0|0|-|Malicious|PartOfAHorizontalPortScan"
"1525879883.015496|C9CPID1PE19RMdqcWg|192.168.100.103|43763|51.136.16.96|64068|udp|-|-|-|-|S0|-|-|0|D|1|40|0|0|-|Benign|-"
"1525879938.045288|C5uBBG3x68lbr6oRa9|192.168.100.103|47863|204.99.190.99|8080|tcp|-|-|-|-|S0|-|-|0|S|1|60|0|0|-|Malicious|PartOfAHorizontalPortScan"
"1525879884.015677|CrwKrD3GKJ14fnz6mh|192.168.100.103|43763|46.217.119.21|60652|udp|-|-|-|-|S0|-|-|0|D|1|40|0|0|-|Benign|-"
"1525879939.015974|CJhNu6DIW0yK7WIv1|192.168.100.103|52584|34.66.121.234|23|tcp|-|2.999319|0|0|S0|-|-|0|S|3|180|0|0|-|Malicious|PartOfAHorizontalPortScan"
"1525879885.015858|CXBf4J1osjHznrS981|192.168.100.103|43763|26.69.92.3|30462|udp|-|-|-|-|S0|-|-|0|D|1|40|0|0|-|Benign|-"
"1525879940.025152|CnkRE54ZGfRMnxcDJ2|192.168.100.103|44995|128.122.212.247|23|tcp|-|-|-|-|S0|-|-|0|S|1|60|0|0|-|Malicious|PartOfAHorizontalPortScan"
"1525879886.016041|CVWYRq2FVSnnj1cFQl|192.168.100.103|43763|84.233.162.142|60250|udp|-|-|-|-|S0|-|-|0|D|1|40|0|0|-|Benign|-"
"1525879941.016090|CqdXk73Eju3tYZSebd|192.168.100.103|54094|61.84.182.125|9527|tcp|-|0.304093|0|0|REJ|-|-|0|Sr|1|60|1|40|-|Malicious|PartOfAHorizontalPortScan"
"1525879887.015723|CSNJKk2mYjDPqQhWf6|192.168.100.103|43763|192.232.220.245|52870|udp|-|-|-|-|S0|-|-|0|D|1|40|0|0|-|Benign|-"
"1525879942.016522|C9dQQF1QKb5YWrAbX1|192.168.100.103|60399|157.144.254.250|23|tcp|-|2.998811|0|0|S0|-|-|0|S|3|180|0|0|-|Malicious|PartOfAHorizontalPortScan"
"1525879942.045260|C9HnbR2tGUGYMhijZ1|192.168.100.103|56024|114.252.229.189|23|tcp|-|-|-|-|S0|-|-|0|S|1|60|0|0|-|Malicious|PartOfAHorizontalPortScan"
"1525879887.209620|CdGA8aD2ARUZSS5Wg|192.232.220.245|3|192.168.100.103|3|icmp|-|-|-|-|OTH|-|-|0|-|1|68|0|0|-|Benign|-"
"1525879888.015406|C5rJooVC9GLIcPJxd|192.168.100.103|43763|154.26.62.201|41779|udp|-|-|-|-|S0|-|-|0|D|1|40|0|0|-|Benign|-"
"1525879943.016205|CFAy9Ghydiz9VMy2l|192.168.100.103|44197|179.136.14.249|27816|tcp|-|2.999077|0|0|S0|-|-|0|S|3|180|0|0|-|Benign|-"
"1525879943.045190|CgeyRX2crv0YWBatBk|192.168.100.103|39423|35.215.170.178|23|tcp|-|-|-|-|S0|-|-|0|S|1|60|0|0|-|Malicious|PartOfAHorizontalPortScan"
"1525879889.015586|CQ82FQ3ZZ5FttjQAZe|192.168.100.103|43763|147.194.16.244|48984|udp|-|-|-|-|S0|-|-|0|D|1|40|0|0|-|Benign|-"
"1525879944.016388|C5CeS2BRJmxICW6Sf|192.168.100.103|54464|17.242.163.63|2323|tcp|-|2.998810|0|0|S0|-|-|0|S|3|180|0|0|-|Malicious|PartOfAHorizontalPortScan"
"1525879944.025134|CFYVfp37q8LwJNrEgc|192.168.100.103|38459|77.116.81.80|23|tcp|-|-|-|-|S0|-|-|0|S|1|60|0|0|-|Malicious|PartOfAHorizontalPortScan"
"1525879944.045373|CuVTsq3qGbs35NMBZ4|192.168.100.103|46566|199.120.207.219|8080|tcp|-|-|-|-|S0|-|-|0|S|1|60|0|0|-|Malicious|PartOfAHorizontalPortScan"
"1525879890.015520|CTevPy1rp3fhSxs31h|192.168.100.103|43763|83.201.23.245|39860|udp|-|-|-|-|S0|-|-|0|D|1|40|0|0|-|Benign|-"
"1525879945.016572|CAdO5b3qUt1zyuk2Ei|192.168.100.103|42499|203.64.3.172|9527|tcp|-|2.998815|0|0|S0|-|-|0|S|3|180|0|0|-|Malicious|PartOfAHorizontalPortScan"
"1525879891.015453|CqKEiw1fo0sLctRCX1|192.168.100.103|43763|214.60.192.205|39422|udp|-|-|-|-|S0|-|-|0|D|1|40|0|0|-|Benign|-"
"1525879946.025267|Cu0ezT2si0RfWsjCzb|192.168.100.103|52584|34.66.121.234|23|tcp|-|-|-|-|S0|-|-|0|S|1|60|0|0|-|Malicious|PartOfAHorizontalPortScan"
"1525879892.015633|CCUmMK3zuSfy3EHNSa|192.168.100.103|43763|52.2.44.111|12145|udp|-|-|-|-|S0|-|-|0|D|1|40|0|0|-|Benign|-"
"1525879947.016438|CMY5Pn2LXFbgJTmzz2|192.168.100.103|40296|112.94.85.92|2323|tcp|-|2.998811|0|0|S0|-|-|0|S|3|180|0|0|-|Malicious|PartOfAHorizontalPortScan"
"1525879893.015326|Cm7FZ94I0LXo1nPYzb|192.168.100.103|43763|140.21.89.110|24832|udp|-|-|-|-|S0|-|-|0|D|1|40|0|0|-|Benign|-"
"1525879948.016621|CgjaozyVHYZyoVXB3|192.168.100.103|46158|67.123.95.59|23|tcp|-|2.998560|0|0|S0|-|-|0|S|3|180|0|0|-|Malicious|PartOfAHorizontalPortScan"
"1525879948.045355|CWlmiA44IISYWO1KBf|192.168.100.103|44995|128.122.212.247|23|tcp|-|-|-|-|S0|-|-|0|S|1|60|0|0|-|Malicious|PartOfAHorizontalPortScan"
"1525879894.015750|COgGzP1mO8OgeTv5Ak|192.168.100.103|43763|87.101.94.35|44154|udp|-|-|-|-|S0|-|-|0|D|1|40|0|0|-|Benign|-"
"1525879949.016305|COWVXovXqIDpHGW6b|192.168.100.103|60633|105.177.144.225|23|tcp|-|2.999060|0|0|S0|-|-|0|S|3|180|0|0|-|Malicious|PartOfAHorizontalPortScan"
"1525879949.025303|C3nDFC227VySv9MIA|192.168.100.103|60399|157.144.254.250|23|tcp|-|-|-|-|S0|-|-|0|S|1|60|0|0|-|Malicious|PartOfAHorizontalPortScan"
"1525879895.015442|C1O6wb1ArdEtyWqw08|192.168.100.103|43763|249.231.213.180|27727|udp|-|-|-|-|S0|-|-|0|D|1|40|0|0|-|Benign|-"
"1525879950.016738|CHHKWTXoaQanxC52e|192.168.100.103|34062|155.46.59.201|8080|tcp|-|2.998561|0|0|S0|-|-|0|S|3|180|0|0|-|Malicious|PartOfAHorizontalPortScan"
"1525879950.025234|CVzPDSfxi5IB1djL3|192.168.100.103|44197|179.136.14.249|27816|tcp|-|-|-|-|S0|-|-|0|S|1|60|0|0|-|Benign|-"
"1525879896.015615|CCyjf825A04wzmwnDj|192.168.100.103|43763|34.235.5.192|52688|udp|-|-|-|-|S0|-|-|0|D|1|40|0|0|-|Benign|-"
"1525879951.025167|Cvi5Jz4WC8kUGSFdne|192.168.100.103|54464|17.242.163.63|2323|tcp|-|-|-|-|S0|-|-|0|S|1|60|0|0|-|Malicious|PartOfAHorizontalPortScan"
"1525879897.015545|Ca2xWN32UPc9pdvl95|192.168.100.103|43763|70.94.233.96|1636|udp|-|-|-|-|S0|-|-|0|D|1|40|0|0|-|Benign|-"
"1525879952.016355|CTshT64HwIJSK6sVPa|192.168.100.103|45599|209.67.210.70|9527|tcp|-|2.998812|0|0|S0|-|-|0|S|3|180|0|0|-|Malicious|PartOfAHorizontalPortScan"
"1525879952.025351|CAMOqz1yQxsj3O9G8a|192.168.100.103|42499|203.64.3.172|9527|tcp|-|-|-|-|S0|-|-|0|S|1|60|0|0|-|Malicious|PartOfAHorizontalPortScan"
"1525879952.045340|Cya7bc1PAkH3UrrqDg|192.168.100.103|38459|77.116.81.80|23|tcp|-|-|-|-|S0|-|-|0|S|1|60|0|0|-|Malicious|PartOfAHorizontalPortScan"
"1525879898.015979|CpVD4E1E75yIXXBBqe|192.168.100.103|43763|55.150.110.125|63179|udp|-|-|-|-|S0|-|-|0|D|1|40|0|0|-|Benign|-"
"1525879953.016787|Cv4PlW1tYXu2flmigb|192.168.100.103|36497|34.37.240.3|8080|tcp|-|2.998560|0|0|S0|-|-|0|S|3|180|0|0|-|Malicious|PartOfAHorizontalPortScan"
"1525879899.015661|C90rsb1qLwcC8IMDpb|192.168.100.103|43763|40.40.143.118|29947|udp|-|-|-|-|S0|-|-|0|D|1|40|0|0|-|Benign|-"
"1525879954.025218|Cn9wVoxBSrXpiSSo9|192.168.100.103|40296|112.94.85.92|2323|tcp|-|-|-|-|S0|-|-|0|S|1|60|0|0|-|Malicious|PartOfAHorizontalPortScan"
"1525879954.045206|CGTnuY1eu5tMZwiVV2|192.168.100.103|52584|34.66.121.234|23|tcp|-|-|-|-|S0|-|-|0|S|1|60|0|0|-|Malicious|PartOfAHorizontalPortScan"
"1525879900.015593|CVbZq01JkSLTPuWoc7|192.168.100.103|43763|180.207.214.87|13262|udp|-|-|-|-|S0|-|-|0|D|1|40|0|0|-|Benign|-"
"1525879955.016406|CxdC8F2klNrgxPNEz5|192.168.100.103|42505|219.204.6.56|23|tcp|-|2.998807|0|0|S0|-|-|0|S|3|180|0|0|-|Malicious|PartOfAHorizontalPortScan"
"1525879955.025152|CUzaMC4e58NQKsBrKl|192.168.100.103|46158|67.123.95.59|23|tcp|-|-|-|-|S0|-|-|0|S|1|60|0|0|-|Malicious|PartOfAHorizontalPortScan"
"1525879901.015283|C3N7V827AacrQYAZP8|192.168.100.103|43763|193.21.61.164|23969|udp|-|-|-|-|S0|-|-|0|D|1|40|0|0|-|Benign|-"
"1525879956.025335|CQnoXA4fL0bGSCqDda|192.168.100.103|60633|105.177.144.225|23|tcp|-|-|-|-|S0|-|-|0|S|1|60|0|0|-|Malicious|PartOfAHorizontalPortScan"
"1525879902.015459|C4H7pW3uububRKshr8|192.168.100.103|43763|180.96.149.45|14680|udp|-|-|-|-|S0|-|-|0|D|1|40|0|0|-|Benign|-"
"1525879957.025270|CYcO9C2hRA7YZh0V1c|192.168.100.103|34062|155.46.59.201|8080|tcp|-|-|-|-|S0|-|-|0|S|1|60|0|0|-|Malicious|PartOfAHorizontalPortScan"
"1525879957.045260|C0L2hD3w4hRmetzBy8|192.168.100.103|60399|157.144.254.250|23|tcp|-|-|-|-|S0|-|-|0|S|1|60|0|0|-|Malicious|PartOfAHorizontalPortScan"
"1525879903.015401|CWil3Z1yXrRUZ5D7f8|192.168.100.103|43763|129.195.151.140|47792|udp|-|-|-|-|S0|-|-|0|D|1|40|0|0|-|Benign|-"
"1525879958.045191|CGbMcI1Kb51AXRWRhk|192.168.100.103|44197|179.136.14.249|27816|tcp|-|-|-|-|S0|-|-|0|S|1|60|0|0|-|Benign|-"
"1525879904.015823|CCdO9H6cJuigPSJd9|192.168.100.103|43763|170.19.94.84|752|udp|-|-|-|-|S0|-|-|0|D|1|40|0|0|-|Benign|-"
"1525879959.016141|CocyLu15dqfKZP3V8j|192.168.100.103|40119|17.88.158.186|23|tcp|-|2.999057|0|0|S0|-|-|0|S|3|180|0|0|-|Malicious|PartOfAHorizontalPortScan"
"1525879959.025386|CNHYmN38XwV9ltCMx1|192.168.100.103|45599|209.67.210.70|9527|tcp|-|-|-|-|S0|-|-|0|S|1|60|0|0|-|Malicious|PartOfAHorizontalPortScan"
"1525879959.045375|CQviQ3vzgDZrF1Ar4|192.168.100.103|54464|17.242.163.63|2323|tcp|-|-|-|-|S0|-|-|0|S|1|60|0|0|-|Malicious|PartOfAHorizontalPortScan"
"1525879905.015276|CP8ttq2ZxN6QqQV4u8|192.168.100.103|43763|4.135.80.75|35965|udp|-|-|-|-|S0|-|-|0|D|1|40|0|0|-|Benign|-"
"1525879960.016574|Cc2IkY3WsVNmqsSgfe|192.168.100.103|38497|162.221.168.105|8080|tcp|-|2.998812|0|0|S0|-|-|0|S|3|180|0|0|-|Malicious|PartOfAHorizontalPortScan"
"1525879960.025331|CawBpJ2cnY8aUNRFDj|192.168.100.103|36497|34.37.240.3|8080|tcp|-|-|-|-|S0|-|-|0|S|1|60|0|0|-|Malicious|PartOfAHorizontalPortScan"
"1525879960.045327|C7W0in33vHKo9NmZW1|192.168.100.103|42499|203.64.3.172|9527|tcp|-|-|-|-|S0|-|-|0|S|1|60|0|0|-|Malicious|PartOfAHorizontalPortScan"
"1525879906.015689|CI20G5JATFehAPM2i|192.168.100.103|43763|252.30.137.119|31516|udp|-|-|-|-|S0|-|-|0|D|1|40|0|0|-|Benign|-"
"1525879961.016507|CUIxXr4hohnXw3zoV|192.168.100.103|35040|12.12.209.151|8080|tcp|-|2.998808|0|0|S0|-|-|0|S|3|180|0|0|-|Malicious|PartOfAHorizontalPortScan"
"1525879906.324279|CL3uMq4l9zr0ztro86|211.170.38.34|3|192.168.100.103|1|icmp|-|0.000004|120|0|OTH|-|-|0|-|2|176|0|0|-|Benign|-"
"1525879906.860469|CbOZv4252mxdsjYxqk|192.168.100.103|123|147.231.100.5|123|udp|-|0.001239|48|48|SF|-|-|0|Dd|1|76|1|76|-|Benign|-"
"1525879907.015121|CYSjRC4UEL35g4dOwd|192.168.100.103|43763|28.47.83.196|10505|udp|-|-|-|-|S0|-|-|0|D|1|40|0|0|-|Benign|-"
"1525879962.025186|CTHK7k2j5tUA2H1ikf|192.168.100.103|42505|219.204.6.56|23|tcp|-|-|-|-|S0|-|-|0|S|1|60|0|0|-|Malicious|PartOfAHorizontalPortScan"
"1525879962.045425|CGI7ic1XeTTvQWun28|192.168.100.103|40296|112.94.85.92|2323|tcp|-|-|-|-|S0|-|-|0|S|1|60|0|0|-|Malicious|PartOfAHorizontalPortScan"
"1525879908.015553|CY8sZt1Q3UoSErouSe|192.168.100.103|43763|80.83.177.239|62704|udp|-|-|-|-|S0|-|-|0|D|1|40|0|0|-|Benign|-"
"1525879963.045359|CxPxjg2MBHkj9nlKQc|192.168.100.103|46158|67.123.95.59|23|tcp|-|-|-|-|S0|-|-|0|S|1|60|0|0|-|Malicious|PartOfAHorizontalPortScan"
"1525879909.015256|CyNBLb44q0GFFF7dQ|192.168.100.103|43763|189.188.35.130|23830|udp|-|-|-|-|S0|-|-|0|D|1|40|0|0|-|Benign|-"
"1525879964.045293|CZpJtv4JE9mxjQbKSj|192.168.100.103|60633|105.177.144.225|23|tcp|-|-|-|-|S0|-|-|0|S|1|60|0|0|-|Malicious|PartOfAHorizontalPortScan"
"1525879910.015917|CazyVb4MHlR5hv79Db|192.168.100.103|43763|21.40.199.4|39338|udp|-|-|-|-|S0|-|-|0|D|1|40|0|0|-|Benign|-"
"1525879965.016243|CdxtTM1iIUOdpp4IS5|192.168.100.103|50843|14.246.219.223|23|tcp|-|2.999056|0|0|S0|-|-|0|S|3|180|0|0|-|Malicious|PartOfAHorizontalPortScan"
"1525879965.045227|C6dPsx4yYNIbqWTce4|192.168.100.103|34062|155.46.59.201|8080|tcp|-|-|-|-|S0|-|-|0|S|1|60|0|0|-|Malicious|PartOfAHorizontalPortScan"
"1525879911.015602|CAG2F71J798gMh6oL9|192.168.100.103|43763|83.247.166.187|33143|udp|-|-|-|-|S0|-|-|0|D|1|40|0|0|-|Benign|-"
"1525879966.025422|Cm5l9426REhbdidSR|192.168.100.103|40119|17.88.158.186|23|tcp|-|-|-|-|S0|-|-|0|S|1|60|0|0|-|Malicious|PartOfAHorizontalPortScan"
"1525879912.015784|CnzFgs3o7q7FNfv1Q8|192.168.100.103|43763|213.163.116.34|25409|udp|-|-|-|-|S0|-|-|0|D|1|40|0|0|-|Benign|-"
"1525879967.025357|C0Np1E4Jmb4f0P4Qnk|192.168.100.103|38497|162.221.168.105|8080|tcp|-|-|-|-|S0|-|-|0|S|1|60|0|0|-|Malicious|PartOfAHorizontalPortScan"
"1525879967.045343|CZbStO6P0KJm45cj2|192.168.100.103|45599|209.67.210.70|9527|tcp|-|-|-|-|S0|-|-|0|S|1|60|0|0|-|Malicious|PartOfAHorizontalPortScan"
"1525879913.015967|Cf2JBD4hwfrCDntXK5|192.168.100.103|43763|157.114.127.170|449|udp|-|-|-|-|S0|-|-|0|D|1|40|0|0|-|Benign|-"
"1525879968.025293|CnvMPv3hA6IjJ3eTwi|192.168.100.103|35040|12.12.209.151|8080|tcp|-|-|-|-|S0|-|-|0|S|1|60|0|0|-|Malicious|PartOfAHorizontalPortScan"
"1525879968.045278|CKX71o30LcIVpZhHL1|192.168.100.103|36497|34.37.240.3|8080|tcp|-|-|-|-|S0|-|-|0|S|1|60|0|0|-|Malicious|PartOfAHorizontalPortScan"
"1525879914.015650|CJs03jM9r6Uz16TB4|192.168.100.103|43763|71.238.84.246|17870|udp|-|-|-|-|S0|-|-|0|D|1|40|0|0|-|Benign|-"
"1525879969.016228|Cfs55y4nVg18aIHHgd|192.168.100.103|59428|110.47.17.188|52448|tcp|-|2.999056|0|0|S0|-|-|0|S|3|180|0|0|-|Benign|-"
"1525879914.209556|CtDV071Kp6Xqlv7Yzi|71.238.84.246|3|192.168.100.103|3|icmp|-|-|-|-|OTH|-|-|0|-|1|68|0|0|-|Benign|-"
"1525879915.015583|CUhGLV3PRyPuQstsV1|192.168.100.103|43763|204.214.98.79|33629|udp|-|-|-|-|S0|-|-|0|D|1|40|0|0|-|Benign|-"
"1525879970.045394|C71dMA2lij5cfmARe1|192.168.100.103|42505|219.204.6.56|23|tcp|-|-|-|-|S0|-|-|0|S|1|60|0|0|-|Malicious|PartOfAHorizontalPortScan"
"1525879916.015516|CfWpfK2Ucv29wi6fF7|192.168.100.103|43763|121.0.191.22|62488|udp|-|-|-|-|S0|-|-|0|D|1|40|0|0|-|Benign|-"
"1525879971.016096|CESt474PtMQwGS5Jua|192.168.100.103|34145|92.214.95.32|2323|tcp|-|2.999307|0|0|S0|-|-|0|S|3|180|0|0|-|Malicious|PartOfAHorizontalPortScan"
"1525879917.015698|C1fHMK2RPiqAkFFJ8f|192.168.100.103|43763|49.199.231.170|26992|udp|-|-|-|-|S0|-|-|0|D|1|40|0|0|-|Benign|-"
"1525879972.025274|CBg38xa47Essr7wHe|192.168.100.103|50843|14.246.219.223|23|tcp|-|-|-|-|S0|-|-|0|S|1|60|0|0|-|Malicious|PartOfAHorizontalPortScan"
"1525879918.015880|CV8ygf3gkEaCjmoOE1|192.168.100.103|43763|51.251.233.96|4721|udp|-|-|-|-|S0|-|-|0|D|1|40|0|0|-|Benign|-"
"1525879919.015813|CA9Wpa1ZR8bE6irrl9|192.168.100.103|43763|71.240.148.36|55269|udp|-|-|-|-|S0|-|-|0|D|1|40|0|0|-|Benign|-"
"1525879974.016645|C048cz4pbB8gk8t6W9|192.168.100.103|52778|205.241.243.223|9527|tcp|-|2.998814|0|0|S0|-|-|0|S|3|180|0|0|-|Malicious|PartOfAHorizontalPortScan"
"1525879974.045381|CWQcMw4aP9sHA49vN4|192.168.100.103|40119|17.88.158.186|23|tcp|-|-|-|-|S0|-|-|0|S|1|60|0|0|-|Malicious|PartOfAHorizontalPortScan"
"1525879975.016579|CTiSntfEGFhbPvGz4|192.168.100.103|56165|71.254.50.237|8080|tcp|-|2.998810|0|0|S0|-|-|0|S|3|180|0|0|-|Malicious|PartOfAHorizontalPortScan"
"1525879975.045314|CVr9n62vNH333VzbW1|192.168.100.103|38497|162.221.168.105|8080|tcp|-|-|-|-|S0|-|-|0|S|1|60|0|0|-|Malicious|PartOfAHorizontalPortScan"
"1525879921.015929|Cu9Vqp11U3gdPLsF9a|192.168.100.103|43763|121.36.25.39|35933|udp|-|-|-|-|S0|-|-|0|D|1|40|0|0|-|Benign|-"
"1525879976.016513|CUOMGo4Abx2zHXZw71|192.168.100.103|44877|79.169.2.244|8080|tcp|-|2.998821|0|0|S0|-|-|0|S|3|180|0|0|-|Malicious|PartOfAHorizontalPortScan"
"1525879976.025259|Cs5RBT3HvZCOBB28md|192.168.100.103|59428|110.47.17.188|52448|tcp|-|-|-|-|S0|-|-|0|S|1|60|0|0|-|Benign|-"
"1525879976.045498|C10QzTT9PkcYBM675|192.168.100.103|35040|12.12.209.151|8080|tcp|-|-|-|-|S0|-|-|0|S|1|60|0|0|-|Malicious|PartOfAHorizontalPortScan"
"1525879922.015861|C9UbQh1s44P3Urf7ub|192.168.100.103|43763|71.121.63.250|37802|udp|-|-|-|-|S0|-|-|0|D|1|40|0|0|-|Benign|-"
"1525879977.016947|C9SccJAsTgUGFuxy|192.168.100.103|45797|71.105.128.141|23|tcp|-|2.998571|0|0|S0|-|-|0|S|3|180|0|0|-|Malicious|PartOfAHorizontalPortScan"
"1525879923.015545|CuXxaY1KJMs6Y9LP33|192.168.100.103|43763|84.30.189.132|25314|udp|-|-|-|-|S0|-|-|0|D|1|40|0|0|-|Benign|-"
"1525879978.025376|CG4iRv4xxvk2CkYC17|192.168.100.103|34145|92.214.95.32|2323|tcp|-|-|-|-|S0|-|-|0|S|1|60|0|0|-|Malicious|PartOfAHorizontalPortScan"
"1525879924.015978|CKrqhzsA4VRNECPr9|192.168.100.103|43763|43.117.149.160|21448|udp|-|-|-|-|S0|-|-|0|D|1|40|0|0|-|Benign|-"
"1525879979.016565|CODYMB39NI4eo99hS|192.168.100.103|38488|198.132.147.133|33031|tcp|-|2.998812|0|0|S0|-|-|0|S|3|180|0|0|-|Benign|-"
"1525879925.015171|Cznts83c6PHMpqhihl|192.168.100.103|43763|253.87.152.68|27954|udp|-|-|-|-|S0|-|-|0|D|1|40|0|0|-|Benign|-"
"1525879980.016998|CVWEoz11k0hSl2vXu9|192.168.100.103|43560|95.169.57.151|2323|tcp|-|2.998323|0|0|S0|-|-|0|S|3|180|0|0|-|Malicious|PartOfAHorizontalPortScan"
"1525879980.045483|CthhdDeFKifffsK66|192.168.100.103|50843|14.246.219.223|23|tcp|-|-|-|-|S0|-|-|0|S|1|60|0|0|-|Malicious|PartOfAHorizontalPortScan"
"1525879926.015595|CUrf5P2OUyWEGYj0xa|192.168.100.103|43763|59.21.34.21|43193|udp|-|-|-|-|S0|-|-|0|D|1|40|0|0|-|Benign|-"
"1525879981.016683|C2a67ney1GSkKvOif|192.168.100.103|56337|38.121.89.115|23|tcp|-|2.998821|0|0|S0|-|-|0|S|3|180|0|0|-|Malicious|PartOfAHorizontalPortScan"
"1525879981.025438|CmCDLV2zJJSrEKSVy2|192.168.100.103|52778|205.241.243.223|9527|tcp|-|-|-|-|S0|-|-|0|S|1|60|0|0|-|Malicious|PartOfAHorizontalPortScan"
"1525879927.015282|C7prn229PJZSdktJh2|192.168.100.103|43763|4.234.192.141|60838|udp|-|-|-|-|S0|-|-|0|D|1|40|0|0|-|Benign|-"
"1525879982.016616|Cj0mt82X995p7pTnTf|192.168.100.103|36579|53.96.17.85|23|tcp|-|2.998813|0|0|S0|-|-|0|S|3|180|0|0|-|Malicious|PartOfAHorizontalPortScan"
"1525879982.025612|CZjRfs3Il76ck8uzhh|192.168.100.103|56165|71.254.50.237|8080|tcp|-|-|-|-|S0|-|-|0|S|1|60|0|0|-|Malicious|PartOfAHorizontalPortScan"
"1525879928.015710|CFgaO84iHn8uyqyVib|192.168.100.103|43763|78.18.207.0|42605|udp|-|-|-|-|S0|-|-|0|D|1|40|0|0|-|Benign|-"
"1525879983.025296|CtQmbs3ibrNKmpVvpf|192.168.100.103|44877|79.169.2.244|8080|tcp|-|-|-|-|S0|-|-|0|S|1|60|0|0|-|Malicious|PartOfAHorizontalPortScan"
"1525879929.015643|CfySXO1nX82OADTlM6|192.168.100.103|43763|141.202.129.207|46786|udp|-|-|-|-|S0|-|-|0|D|1|40|0|0|-|Benign|-"
"1525879984.016485|CMMGTo4xBShkx2Tq8e|192.168.100.103|45158|119.103.153.35|2323|tcp|-|2.998810|0|0|S0|-|-|0|S|3|180|0|0|-|Malicious|PartOfAHorizontalPortScan"
"1525879984.025484|Cq5W9E4tPxXAJLl9Dh|192.168.100.103|45797|71.105.128.141|23|tcp|-|-|-|-|S0|-|-|0|S|1|60|0|0|-|Malicious|PartOfAHorizontalPortScan"
"1525879984.045492|CZHACg1ZeorbaeaL92|192.168.100.103|59428|110.47.17.188|52448|tcp|-|-|-|-|S0|-|-|0|S|1|60|0|0|-|Benign|-"
"1525879930.015840|ChwZtq2HV52bXtkHjh|192.168.100.103|43763|122.152.235.118|8921|udp|-|-|-|-|S0|-|-|0|D|1|40|0|0|-|Benign|-"
"1525879931.015759|C6vPbm4JMUncPFnQ31|192.168.100.103|43763|97.211.244.166|21732|udp|-|-|-|-|S0|-|-|0|D|1|40|0|0|-|Benign|-"
"1525879986.025361|CQfuOP2FjMGdntEKbd|192.168.100.103|38488|198.132.147.133|33031|tcp|-|-|-|-|S0|-|-|0|S|1|60|0|0|-|Benign|-"
"1525879986.045356|C6FJwC2MGmcGMTUrq8|192.168.100.103|34145|92.214.95.32|2323|tcp|-|-|-|-|S0|-|-|0|S|1|60|0|0|-|Malicious|PartOfAHorizontalPortScan"
"1525879985.016918|CGF9Zs4WX7uwMwRuS6|192.168.100.103|33389|186.123.152.148|8080|tcp|-|1.746782|0|0|REJ|-|-|0|Sr|2|120|1|40|-|Malicious|PartOfAHorizontalPortScan"
"1525879932.015443|CSbFej2X5E2Wd3163f|192.168.100.103|43763|40.184.162.188|44071|udp|-|-|-|-|S0|-|-|0|D|1|40|0|0|-|Benign|-"
"1525879987.016786|C41xnMSDqEGzmO5W9|192.168.100.103|54563|38.104.53.211|23|tcp|-|2.998819|0|0|S0|-|-|0|S|3|180|0|0|-|Malicious|PartOfAHorizontalPortScan"
"1525879987.025283|C89X7D1qQvBG1Ox1L1|192.168.100.103|43560|95.169.57.151|2323|tcp|-|-|-|-|S0|-|-|0|S|1|60|0|0|-|Malicious|PartOfAHorizontalPortScan"
"1525879933.015385|Cf9FNrgjP8FwnJss6|192.168.100.103|43763|250.171.121.196|40582|udp|-|-|-|-|S0|-|-|0|D|1|40|0|0|-|Benign|-"
"1525879988.016471|C6LZJR29VqwCUP9U7f|192.168.100.103|59363|77.157.151.210|23|tcp|-|2.999062|0|0|S0|-|-|0|S|3|180|0|0|-|Malicious|PartOfAHorizontalPortScan"
"1525879988.025466|Cihp674pgKVjrk54Zb|192.168.100.103|56337|38.121.89.115|23|tcp|-|-|-|-|S0|-|-|0|S|1|60|0|0|-|Malicious|PartOfAHorizontalPortScan"
"1525879934.015558|Ck0SSZ2yY0fwyDGLOk|192.168.100.103|43763|146.201.83.171|15937|udp|-|-|-|-|S0|-|-|0|D|1|40|0|0|-|Benign|-"
"1525879989.025400|CmQLg833mHY9ZkePj6|192.168.100.103|36579|53.96.17.85|23|tcp|-|-|-|-|S0|-|-|0|S|1|60|0|0|-|Malicious|PartOfAHorizontalPortScan"
"1525879989.045404|Cvw6as1TQdgkz93Rdi|192.168.100.103|52778|205.241.243.223|9527|tcp|-|-|-|-|S0|-|-|0|S|1|60|0|0|-|Malicious|PartOfAHorizontalPortScan"
"1525879934.860838|CdE7Ie4bOTmSXhnNwi|192.168.100.103|123|213.239.154.12|123|udp|-|0.014733|48|48|SF|-|-|0|Dd|1|76|1|76|-|Benign|-"
"1525879935.015491|CCwe0z4g4Ijuy0CEU8|192.168.100.103|43763|142.207.86.232|32423|udp|-|-|-|-|S0|-|-|0|D|1|40|0|0|-|Benign|-"
"1525879990.045324|CzIUJh41flZsucEDZ4|192.168.100.103|56165|71.254.50.237|8080|tcp|-|-|-|-|S0|-|-|0|S|1|60|0|0|-|Malicious|PartOfAHorizontalPortScan"
"1525879936.015675|CJ6kB33eFfYjNDuthi|192.168.100.103|43763|46.79.35.176|50013|udp|-|-|-|-|S0|-|-|0|D|1|40|0|0|-|Benign|-"
"1525879991.016772|CPV1NQkl7KDTp6H11|192.168.100.103|37154|76.215.21.143|23|tcp|-|2.998565|0|0|S0|-|-|0|S|3|180|0|0|-|Malicious|PartOfAHorizontalPortScan"
"1525879991.025519|CWiBeL2rDyfgyCgM97|192.168.100.103|45158|119.103.153.35|2323|tcp|-|-|-|-|S0|-|-|0|S|1|60|0|0|-|Malicious|PartOfAHorizontalPortScan"
"1525879991.045508|ClGrKf25pMmCVhqAk|192.168.100.103|44877|79.169.2.244|8080|tcp|-|-|-|-|S0|-|-|0|S|1|60|0|0|-|Malicious|PartOfAHorizontalPortScan"
"1525879937.015375|CLvcy6bIsQ285JCj4|192.168.100.103|43763|200.119.112.16|12115|udp|-|-|-|-|S0|-|-|0|D|1|40|0|0|-|Benign|-"
"1525879992.016707|CpquDW3bQe5P6vZNek|192.168.100.103|58185|216.233.38.67|23|tcp|-|2.998820|0|0|S0|-|-|0|S|3|180|0|0|-|Malicious|PartOfAHorizontalPortScan"
"1525879992.045442|C3RSMa1148mB0zMz2b|192.168.100.103|45797|71.105.128.141|23|tcp|-|-|-|-|S0|-|-|0|S|1|60|0|0|-|Malicious|PartOfAHorizontalPortScan"
"1525879938.015542|C4luHV2aw7lhVBLNb3|192.168.100.103|43763|177.119.21.9|35955|udp|-|-|-|-|S0|-|-|0|D|1|40|0|0|-|Benign|-"
"1525879993.016640|CcFoIC2XfrqFLNG03f|192.168.100.103|42203|162.162.171.249|23|tcp|-|2.998821|0|0|S0|-|-|0|S|3|180|0|0|-|Malicious|PartOfAHorizontalPortScan"
"1525879939.015483|Ch7XMcBindFxPe2G8|192.168.100.103|43763|226.224.82.172|63455|udp|-|-|-|-|S0|-|-|0|D|1|40|0|0|-|Benign|-"
"1525879994.025321|CZ2WnOtXNE4RroO13|192.168.100.103|54563|38.104.53.211|23|tcp|-|-|-|-|S0|-|-|0|S|1|60|0|0|-|Malicious|PartOfAHorizontalPortScan"
"1525879994.045560|Cxn0xLR35j1dO0lj9|192.168.100.103|38488|198.132.147.133|33031|tcp|-|-|-|-|S0|-|-|0|S|1|60|0|0|-|Benign|-"
"1525879940.015908|CaXCdv7vaBaMs4zy5|192.168.100.103|43763|192.246.12.121|23401|udp|-|-|-|-|S0|-|-|0|D|1|40|0|0|-|Benign|-"
"1525879995.025505|CKdU1I1RZFn3A622de|192.168.100.103|59363|77.157.151.210|23|tcp|-|-|-|-|S0|-|-|0|S|1|60|0|0|-|Malicious|PartOfAHorizontalPortScan"
"1525879995.045494|CEuOCV2CF4adXsXtEl|192.168.100.103|43560|95.169.57.151|2323|tcp|-|-|-|-|S0|-|-|0|S|1|60|0|0|-|Malicious|PartOfAHorizontalPortScan"
"1525879941.015350|CSpXcP1qvq4DgCT9da|192.168.100.103|43763|147.97.223.224|25262|udp|-|-|-|-|S0|-|-|0|D|1|40|0|0|-|Benign|-"
"1525879996.045428|CdFHIl2paYmx3mRuG3|192.168.100.103|56337|38.121.89.115|23|tcp|-|-|-|-|S0|-|-|0|S|1|60|0|0|-|Malicious|PartOfAHorizontalPortScan"
"1525879941.159259|CWIC0r1RKtp7gIu4j3|147.97.27.145|11|192.168.100.103|0|icmp|-|-|-|-|OTH|-|-|0|-|1|56|0|0|-|Benign|-"
"1525879942.015525|CSrKwC1WDJ9g2GAb14|192.168.100.103|43763|87.204.77.175|55341|udp|-|-|-|-|S0|-|-|0|D|1|40|0|0|-|Benign|-"
"1525879997.016379|C3YCGjhaRoiXWbnBd|192.168.100.103|60346|195.229.18.132|23|tcp|-|2.999063|0|0|S0|-|-|0|S|3|180|0|0|-|Malicious|PartOfAHorizontalPortScan"
"1525879997.045362|CMm8my2ueB9Q4wfApg|192.168.100.103|36579|53.96.17.85|23|tcp|-|-|-|-|S0|-|-|0|S|1|60|0|0|-|Malicious|PartOfAHorizontalPortScan"
"1525879942.062262|CcYzlg2LsQX8BqJsWe|87.204.77.175|3|192.168.100.103|3|icmp|-|-|-|-|OTH|-|-|0|-|1|68|0|0|-|Benign|-"
"1525879943.015708|C4hWvALHCli4wDGl|192.168.100.103|43763|247.187.255.34|13792|udp|-|-|-|-|S0|-|-|0|D|1|40|0|0|-|Benign|-"
"1525879998.025557|Cxm3dm2eRzGdpWtEs2|192.168.100.103|37154|76.215.21.143|23|tcp|-|-|-|-|S0|-|-|0|S|1|60|0|0|-|Malicious|PartOfAHorizontalPortScan"
"1525879944.015891|CRnLCt20QjB7NFBuMi|192.168.100.103|43763|239.144.163.27|16285|udp|-|-|-|-|S0|-|-|0|D|1|40|0|0|-|Benign|-"
"1525879999.025493|CRuzzV3fuAeiZRZCEk|192.168.100.103|58185|216.233.38.67|23|tcp|-|-|-|-|S0|-|-|0|S|1|60|0|0|-|Malicious|PartOfAHorizontalPortScan"
"1525879999.045480|CwN8wH3oEx5aXfy4wk|192.168.100.103|45158|119.103.153.35|2323|tcp|-|-|-|-|S0|-|-|0|S|1|60|0|0|-|Malicious|PartOfAHorizontalPortScan"
"1525879945.015823|CHP1KH2KbxafIuiSj2|192.168.100.103|43763|191.25.48.37|2279|udp|-|-|-|-|S0|-|-|0|D|1|40|0|0|-|Benign|-"
"1525880000.025426|CasED24tvIfrVAIFv9|192.168.100.103|42203|162.162.171.249|23|tcp|-|-|-|-|S0|-|-|0|S|1|60|0|0|-|Malicious|PartOfAHorizontalPortScan"
"1525879946.016006|CyMV7C3oKcG4Qz1yai|192.168.100.103|43763|241.221.94.129|45966|udp|-|-|-|-|S0|-|-|0|D|1|40|0|0|-|Benign|-"
"1525880001.016366|CIoRPh44pHeXc9H9b2|192.168.100.103|49530|128.169.217.34|2323|tcp|-|2.999062|0|0|S0|-|-|0|S|3|180|0|0|-|Malicious|PartOfAHorizontalPortScan"
"1525879947.015689|CHvglW22R3nbHW0N94|192.168.100.103|43763|201.201.71.2|9420|udp|-|-|-|-|S0|-|-|0|D|1|40|0|0|-|Benign|-"
"1525880002.045534|CdlYb72ziJJJbAACWd|192.168.100.103|54563|38.104.53.211|23|tcp|-|-|-|-|S0|-|-|0|S|1|60|0|0|-|Malicious|PartOfAHorizontalPortScan"
"1525879948.015874|CROBxO2z6cKRfUgoE1|192.168.100.103|43763|105.69.113.36|54454|udp|-|-|-|-|S0|-|-|0|D|1|40|0|0|-|Benign|-"
"1525880003.016235|CqAabk3H5n6GcVAo17|192.168.100.103|40761|1.132.158.255|2323|tcp|-|2.999319|0|0|S0|-|-|0|S|3|180|0|0|-|Malicious|PartOfAHorizontalPortScan"
"1525880003.045469|CbKLKx4auTggiJt1te|192.168.100.103|59363|77.157.151.210|23|tcp|-|-|-|-|S0|-|-|0|S|1|60|0|0|-|Malicious|PartOfAHorizontalPortScan"
"1525879949.015806|Cl4oaj4HH3Y5kIiPrb|192.168.100.103|43763|247.169.197.182|34837|udp|-|-|-|-|S0|-|-|0|D|1|40|0|0|-|Benign|-"
"1525880004.025413|CIV4F24KQMdVDUtpo|192.168.100.103|60346|195.229.18.132|23|tcp|-|-|-|-|S0|-|-|0|S|1|60|0|0|-|Malicious|PartOfAHorizontalPortScan"
"1525879950.015740|C4GKzJcwGL5955S1|192.168.100.103|43763|134.95.33.247|10700|udp|-|-|-|-|S0|-|-|0|D|1|40|0|0|-|Benign|-"
"1525879951.015922|CqR5p23Z5LHBr70zi7|192.168.100.103|43763|2.212.174.96|34748|udp|-|-|-|-|S0|-|-|0|D|1|40|0|0|-|Benign|-"
"1525880006.016536|CP9znG32hPGUWdIogf|192.168.100.103|52142|111.114.167.244|23|tcp|-|2.999074|0|0|S0|-|-|0|S|3|180|0|0|-|Malicious|PartOfAHorizontalPortScan"
"1525880006.045522|CF9Us3kwUjdqHj6Db|192.168.100.103|37154|76.215.21.143|23|tcp|-|-|-|-|S0|-|-|0|S|1|60|0|0|-|Malicious|PartOfAHorizontalPortScan"
"1525879952.015857|CSFPGQ27ZXv8CndPIc|192.168.100.103|43763|23.204.253.112|2848|udp|-|-|-|-|S0|-|-|0|D|1|40|0|0|-|Benign|-"
"1525880007.016470|CMmTsZ3KGjhsQpa7Vg|192.168.100.103|36212|149.175.113.126|31874|tcp|-|2.999062|0|0|S0|-|-|0|S|3|180|0|0|-|Benign|-"
"1525880007.045455|C6Oi06rKzZ8Yk3hMb|192.168.100.103|58185|216.233.38.67|23|tcp|-|-|-|-|S0|-|-|0|S|1|60|0|0|-|Malicious|PartOfAHorizontalPortScan"
"1525879953.015791|C2Mniq785tJwYYSFl|192.168.100.103|43763|120.237.200.130|18195|udp|-|-|-|-|S0|-|-|0|D|1|40|0|0|-|Benign|-"
"1525880008.016405|CFyB1Q3ZVa2KQGJAbi|192.168.100.103|37952|107.18.37.140|23|tcp|-|2.999073|0|0|S0|-|-|0|S|3|180|0|0|-|Malicious|PartOfAHorizontalPortScan"
"1525880008.025400|C1HnSl8NkhMSDXoIf|192.168.100.103|49530|128.169.217.34|2323|tcp|-|-|-|-|S0|-|-|0|S|1|60|0|0|-|Malicious|PartOfAHorizontalPortScan"
"1525880008.045639|CyXnfvqSiQOC7xV84|192.168.100.103|42203|162.162.171.249|23|tcp|-|-|-|-|S0|-|-|0|S|1|60|0|0|-|Malicious|PartOfAHorizontalPortScan"
"1525879954.015724|CW0I4J31qCjtSnoCd5|192.168.100.103|43763|48.19.146.124|35555|udp|-|-|-|-|S0|-|-|0|D|1|40|0|0|-|Benign|-"
"1525880009.016843|CyUFFDy1l9NT8eoVg|192.168.100.103|42189|107.66.26.1|8080|tcp|-|2.998819|0|0|S0|-|-|0|S|3|180|0|0|-|Malicious|PartOfAHorizontalPortScan"
"1525879955.015659|Cs3Ypk4s9lHQqtPO67|192.168.100.103|43763|50.20.8.6|51831|udp|-|-|-|-|S0|-|-|0|D|1|40|0|0|-|Benign|-"
"1525880010.025519|C3Dn483SMM7mr3Q6N4|192.168.100.103|40761|1.132.158.255|2323|tcp|-|-|-|-|S0|-|-|0|S|1|60|0|0|-|Malicious|PartOfAHorizontalPortScan"
"1525879956.015840|CrSKbf4vNTvAJh2Sob|192.168.100.103|43763|154.14.146.99|35126|udp|-|-|-|-|S0|-|-|0|D|1|40|0|0|-|Benign|-"
"1525880011.016707|CPOH5dIuivrsgyLH1|192.168.100.103|59086|175.219.105.171|23|tcp|-|2.998826|0|0|S0|-|-|0|S|3|180|0|0|-|Malicious|PartOfAHorizontalPortScan"
"1525879957.015542|C1rRyCycmx3KyTA0d|192.168.100.103|43763|129.217.115.161|22764|udp|-|-|-|-|S0|-|-|0|D|1|40|0|0|-|Benign|-"
"1525880012.016891|C4cpww4uqeGL721Ddb|192.168.100.103|46097|71.88.36.157|8080|tcp|-|2.998573|0|0|S0|-|-|0|S|3|180|0|0|-|Malicious|PartOfAHorizontalPortScan"
"1525880012.045628|CIeAN215AXNBhksE72|192.168.100.103|60346|195.229.18.132|23|tcp|-|-|-|-|S0|-|-|0|S|1|60|0|0|-|Malicious|PartOfAHorizontalPortScan"
"1525879958.015959|C7lDeI2lCgJBxV59g|192.168.100.103|43763|174.8.14.168|56116|udp|-|-|-|-|S0|-|-|0|D|1|40|0|0|-|Benign|-"
"1525880013.016579|ClRp3J2McKb3darlP6|192.168.100.103|48356|140.162.135.150|23|tcp|-|-|-|-|S0|-|-|0|S|1|60|0|0|-|Malicious|PartOfAHorizontalPortScan"
"1525880013.025583|Ct4ogA3OF0sJ4e7iBc|192.168.100.103|52142|111.114.167.244|23|tcp|-|-|-|-|S0|-|-|0|S|1|60|0|0|-|Malicious|PartOfAHorizontalPortScan"
"1525880013.394117|CUBsqZ29q2JNCxOCKb|192.168.100.103|37952|107.18.37.140|23|tcp|-|-|-|-|S0|-|-|0|S|1|60|0|0|-|Malicious|PartOfAHorizontalPortScan"
"1525879959.015651|CB6ZuOdgLOsKzMJA5|192.168.100.103|43763|88.119.176.60|63972|udp|-|-|-|-|S0|-|-|0|D|1|40|0|0|-|Benign|-"
"1525880014.016760|Co7uhH3bPECczvFSI5|192.168.100.103|41117|110.104.169.9|23|tcp|-|2.998822|0|0|S0|-|-|0|S|3|180|0|0|-|Malicious|PartOfAHorizontalPortScan"
"1525880014.025510|CUf1eF3cRWkmGWszz4|192.168.100.103|36212|149.175.113.126|31874|tcp|-|-|-|-|S0|-|-|0|S|1|60|0|0|-|Benign|-"
"1525879960.015826|CuwGn14KWwQLcFmGkj|192.168.100.103|43763|151.0.106.45|60499|udp|-|-|-|-|S0|-|-|0|D|1|40|0|0|-|Benign|-"
"1525880015.017493|CQcLKo2wLWiNsj1s5k|192.168.100.103|53766|154.32.4.76|23|tcp|-|2.998024|0|0|S0|-|-|0|S|3|180|0|0|-|Malicious|PartOfAHorizontalPortScan"
"1525879960.861102|Cr3xxh1PbiO5bhbJ04|151.0.106.45|3|192.168.100.103|3|icmp|-|-|-|-|OTH|-|-|0|-|1|56|0|0|-|Benign|-"
"1525879961.016008|CDBPnx1vATOXjFVeIl|192.168.100.103|43763|84.30.194.92|61582|udp|-|-|-|-|S0|-|-|0|D|1|40|0|0|-|Benign|-"
"1525880016.016880|Cwo73zhIxsBT3kSUc|192.168.100.103|39808|61.195.10.1|8080|tcp|-|2.998573|0|0|S0|-|-|0|S|3|180|0|0|-|Malicious|PartOfAHorizontalPortScan"
"1525880016.025625|C3kI354TD8IPKiCrQ2|192.168.100.103|42189|107.66.26.1|8080|tcp|-|-|-|-|S0|-|-|0|S|1|60|0|0|-|Malicious|PartOfAHorizontalPortScan"
"1525880016.045614|Cg7Zjs4LYZozmyZis|192.168.100.103|49530|128.169.217.34|2323|tcp|-|-|-|-|S0|-|-|0|S|1|60|0|0|-|Malicious|PartOfAHorizontalPortScan"
"1525879962.015942|CAwVfH1aq9WIToyzN4|192.168.100.103|43763|8.105.225.222|40929|udp|-|-|-|-|S0|-|-|0|D|1|40|0|0|-|Benign|-"
"1525880017.016814|CzzCTn1M1VjZV66j6i|192.168.100.103|49908|181.67.97.188|23|tcp|-|2.998822|0|0|S0|-|-|0|S|3|180|0|0|-|Malicious|PartOfAHorizontalPortScan"
"1525879963.015877|CsNckX3jfX2kZAF3J|192.168.100.103|43763|235.221.149.111|40788|udp|-|-|-|-|S0|-|-|0|D|1|40|0|0|-|Benign|-"
"1525880018.025494|Cs7m0F3Rowo1SC0xH6|192.168.100.103|59086|175.219.105.171|23|tcp|-|-|-|-|S0|-|-|0|S|1|60|0|0|-|Malicious|PartOfAHorizontalPortScan"
"1525880018.045486|CmOc7lY7WfCj8nFVh|192.168.100.103|40761|1.132.158.255|2323|tcp|-|-|-|-|S0|-|-|0|S|1|60|0|0|-|Malicious|PartOfAHorizontalPortScan"
"1525879964.016061|C1rsmx8ilUBoZkB4e|192.168.100.103|43763|235.194.167.90|35924|udp|-|-|-|-|S0|-|-|0|D|1|40|0|0|-|Benign|-"
"1525880019.016683|CPPPwx4wVdUEsp8QAd|192.168.100.103|46845|124.65.115.1|8080|tcp|-|2.998823|0|0|S0|-|-|0|S|3|180|0|0|-|Malicious|PartOfAHorizontalPortScan"
"1525880019.025428|CVkuHS1WNl1b6OQqW4|192.168.100.103|46097|71.88.36.157|8080|tcp|-|-|-|-|S0|-|-|0|S|1|60|0|0|-|Malicious|PartOfAHorizontalPortScan"
"1525879965.015501|CLvhQk1iiQTWjKY6J4|192.168.100.103|43763|211.22.221.252|61527|udp|-|-|-|-|S0|-|-|0|D|1|40|0|0|-|Benign|-"
"1525880020.016868|CIdck02Vxo0XL3zkdi|192.168.100.103|39854|51.89.185.152|23|tcp|-|2.998820|0|0|S0|-|-|0|S|3|180|0|0|-|Malicious|PartOfAHorizontalPortScan"
"1525879965.357307|CSKEid3CCPaEMNGXJg|211.22.221.252|3|192.168.100.103|3|icmp|-|-|-|-|OTH|-|-|0|-|1|68|0|0|-|Benign|-"
"1525879966.015677|CLcOYE3iA5yUhmbfOl|192.168.100.103|43763|91.61.128.12|22215|udp|-|-|-|-|S0|-|-|0|D|1|40|0|0|-|Benign|-"
"1525880021.025548|CLrix81NpQrGwvftEl|192.168.100.103|41117|110.104.169.9|23|tcp|-|-|-|-|S0|-|-|0|S|1|60|0|0|-|Malicious|PartOfAHorizontalPortScan"
"1525880021.045538|CGNa0W1dyyENhJ8Ca9|192.168.100.103|52142|111.114.167.244|23|tcp|-|-|-|-|S0|-|-|0|S|1|60|0|0|-|Malicious|PartOfAHorizontalPortScan"
"1525879967.015619|Cma1cD2FQxR6FgNox9|192.168.100.103|43763|236.24.79.234|33917|udp|-|-|-|-|S0|-|-|0|D|1|40|0|0|-|Benign|-"
"1525880022.025482|CwClEcW0KHpDzx8Xf|192.168.100.103|53766|154.32.4.76|23|tcp|-|-|-|-|S0|-|-|0|S|1|60|0|0|-|Malicious|PartOfAHorizontalPortScan"
"1525880022.045471|C2NKNj2vVWBvQVdOrh|192.168.100.103|36212|149.175.113.126|31874|tcp|-|-|-|-|S0|-|-|0|S|1|60|0|0|-|Benign|-"
"1525879968.016045|CxkKU94vyS6GkqLrt6|192.168.100.103|43763|226.132.111.173|38634|udp|-|-|-|-|S0|-|-|0|D|1|40|0|0|-|Benign|-"
"1525880023.016671|CY1hYoi6J4YW4ZsL3|192.168.100.103|55729|27.164.48.123|23|tcp|-|2.999074|0|0|S0|-|-|0|S|3|180|0|0|-|Malicious|PartOfAHorizontalPortScan"
"1525880023.025668|Ci9qhK3TJ4HMFpgGh7|192.168.100.103|39808|61.195.10.1|8080|tcp|-|-|-|-|S0|-|-|0|S|1|60|0|0|-|Malicious|PartOfAHorizontalPortScan"
"1525879969.015485|Cy9Ljm4OwR4CrgdPO7|192.168.100.103|43763|130.124.157.76|14646|udp|-|-|-|-|S0|-|-|0|D|1|40|0|0|-|Benign|-"
"1525880024.016606|CLMYaJ2uQxS8nwxfu2|192.168.100.103|33413|166.34.19.223|23|tcp|-|2.999069|0|0|S0|-|-|0|S|3|180|0|0|-|Malicious|PartOfAHorizontalPortScan"
"1525880024.025602|CahpuS3KkQvpzBHyDg|192.168.100.103|49908|181.67.97.188|23|tcp|-|-|-|-|S0|-|-|0|S|1|60|0|0|-|Malicious|PartOfAHorizontalPortScan"
"1525880024.045590|CXlzrE3JqPssDzo8h3|192.168.100.103|42189|107.66.26.1|8080|tcp|-|-|-|-|S0|-|-|0|S|1|60|0|0|-|Malicious|PartOfAHorizontalPortScan"
"1525879970.015911|CNoR8F4uaxEQtNLh08|192.168.100.103|43763|43.85.250.196|63676|udp|-|-|-|-|S0|-|-|0|D|1|40|0|0|-|Benign|-"
"1525880025.016789|CqPJJ32IzGCQByld5l|192.168.100.103|35887|190.23.163.106|23|tcp|-|2.998824|0|0|S0|-|-|0|S|3|180|0|0|-|Malicious|PartOfAHorizontalPortScan"
"1525879971.015605|Cjc4bo3v6VU1TOvBhd|192.168.100.103|43763|64.37.31.105|59348|udp|-|-|-|-|S0|-|-|0|D|1|40|0|0|-|Benign|-"
"1525880026.025471|C8wRs3mk1jKXBRVP|192.168.100.103|46845|124.65.115.1|8080|tcp|-|-|-|-|S0|-|-|0|S|1|60|0|0|-|Malicious|PartOfAHorizontalPortScan"
"1525880026.045727|Cszig72TXI64lVaWyd|192.168.100.103|59086|175.219.105.171|23|tcp|-|-|-|-|S0|-|-|0|S|1|60|0|0|-|Malicious|PartOfAHorizontalPortScan"
"1525879972.016031|C45R492jRIstYRYgXc|192.168.100.103|43763|92.19.88.10|5138|udp|-|-|-|-|S0|-|-|0|D|1|40|0|0|-|Benign|-"
"1525880027.025655|ChruzP14020Hvg7kfa|192.168.100.103|39854|51.89.185.152|23|tcp|-|-|-|-|S0|-|-|0|S|1|60|0|0|-|Malicious|PartOfAHorizontalPortScan"
"1525880027.045644|COCxbk32TZ0XgOL807|192.168.100.103|46097|71.88.36.157|8080|tcp|-|-|-|-|S0|-|-|0|S|1|60|0|0|-|Malicious|PartOfAHorizontalPortScan"
"1525879973.015721|CtsTgY2LT9mIQoJdYj|192.168.100.103|43763|53.114.2.37|13168|udp|-|-|-|-|S0|-|-|0|D|1|40|0|0|-|Benign|-"
"1525879973.860753|CNf8AJEvHR3xQec6a|192.168.100.103|123|147.231.100.5|123|udp|-|0.001481|48|48|SF|-|-|0|Dd|1|76|1|76|-|Benign|-"
"1525879974.015647|CFCFQy2hAddyena8Nh|192.168.100.103|43763|198.44.27.45|37261|udp|-|-|-|-|S0|-|-|0|D|1|40|0|0|-|Benign|-"
"1525880029.016530|C8692A3rT3nhVjhkY4|192.168.100.103|46972|91.128.100.151|23|tcp|-|2.999063|0|0|S0|-|-|0|S|3|180|0|0|-|Malicious|PartOfAHorizontalPortScan"
"1525880029.045513|CK9EuF3VqCR3YmNdsj|192.168.100.103|41117|110.104.169.9|23|tcp|-|-|-|-|S0|-|-|0|S|1|60|0|0|-|Malicious|PartOfAHorizontalPortScan"
"1525879975.015833|C2CnjR3ADmITOkbTY3|192.168.100.103|43763|167.2.101.164|32711|udp|-|-|-|-|S0|-|-|0|D|1|40|0|0|-|Benign|-"
"1525880030.025708|C3aXl6uyKSOOEqiTa|192.168.100.103|55729|27.164.48.123|23|tcp|-|-|-|-|S0|-|-|0|S|1|60|0|0|-|Malicious|PartOfAHorizontalPortScan"
"1525880030.045697|CAC27H2qjNTMi9JPte|192.168.100.103|53766|154.32.4.76|23|tcp|-|-|-|-|S0|-|-|0|S|1|60|0|0|-|Malicious|PartOfAHorizontalPortScan"
"1525879976.015766|CXg8Oin6RkdEUdqua|192.168.100.103|43763|161.58.228.221|33798|udp|-|-|-|-|S0|-|-|0|D|1|40|0|0|-|Benign|-"
"1525880031.025645|CLIeZk1Z6AxJEMtyM|192.168.100.103|33413|166.34.19.223|23|tcp|-|-|-|-|S0|-|-|0|S|1|60|0|0|-|Malicious|PartOfAHorizontalPortScan"
"1525880031.045647|Cl2Af5434Lid9EOSWe|192.168.100.103|39808|61.195.10.1|8080|tcp|-|-|-|-|S0|-|-|0|S|1|60|0|0|-|Malicious|PartOfAHorizontalPortScan"
"1525879977.015949|CDHufu1OlJN8tyf7il|192.168.100.103|43763|109.205.120.210|56137|udp|-|-|-|-|S0|-|-|0|D|1|40|0|0|-|Benign|-"
"1525880032.025579|C5vQZB43nlN1jncgFl|192.168.100.103|35887|190.23.163.106|23|tcp|-|-|-|-|S0|-|-|0|S|1|60|0|0|-|Malicious|PartOfAHorizontalPortScan"
"1525880032.045567|CHDcra4ij9nc1644Ma|192.168.100.103|49908|181.67.97.188|23|tcp|-|-|-|-|S0|-|-|0|S|1|60|0|0|-|Malicious|PartOfAHorizontalPortScan"
"1525879978.015883|CvU5gh3jG1qEoI0aY3|192.168.100.103|43763|189.109.91.210|43250|udp|-|-|-|-|S0|-|-|0|D|1|40|0|0|-|Benign|-"
"1525880033.016519|CIuDss3p5SXW5apKtb|192.168.100.103|39847|47.209.200.228|23|tcp|-|-|-|-|S0|-|-|0|S|1|60|0|0|-|Malicious|PartOfAHorizontalPortScan"
"1525879978.307972|CsGwVR1iCno5vpJja1|187.9.156.30|3|192.168.100.103|3|icmp|-|-|-|-|OTH|-|-|0|-|1|56|0|0|-|Benign|-"
"1525879979.015819|CfvUx31oNZCIKJw8R3|192.168.100.103|43763|208.6.144.248|55440|udp|-|-|-|-|S0|-|-|0|D|1|40|0|0|-|Benign|-"
"1525880034.045700|CnPyoI1jhuBlYryHe1|192.168.100.103|46845|124.65.115.1|8080|tcp|-|-|-|-|S0|-|-|0|S|1|60|0|0|-|Malicious|PartOfAHorizontalPortScan"
"1525880034.016703|CyXOZF1deqmAyZy6N8|192.168.100.103|37868|138.197.210.187|23|tcp|-|0.181649|0|0|REJ|-|-|0|Sr|1|60|1|40|-|Malicious|PartOfAHorizontalPortScan"
"1525879980.016001|Cufj2J1bZn2Q0iL6yf|192.168.100.103|43763|252.70.98.246|48731|udp|-|-|-|-|S0|-|-|0|D|1|40|0|0|-|Benign|-"
"1525880035.016638|CAjkDnR3YUO0HpU2i|192.168.100.103|58734|40.48.220.126|8080|tcp|-|2.999072|0|0|S0|-|-|0|S|3|180|0|0|-|Malicious|PartOfAHorizontalPortScan"
"1525880035.045621|Cd2LGv1Uyel0JqVOA8|192.168.100.103|39854|51.89.185.152|23|tcp|-|-|-|-|S0|-|-|0|S|1|60|0|0|-|Malicious|PartOfAHorizontalPortScan"
"1525879981.015686|C6KV9x436XljpjEvAl|192.168.100.103|43763|59.68.8.221|33675|udp|-|-|-|-|S0|-|-|0|D|1|40|0|0|-|Benign|-"
"1525880036.016820|CwH0EY34bxOEk9HOya|192.168.100.103|40603|145.158.232.25|5605|tcp|-|2.998825|0|0|S0|-|-|0|S|3|180|0|0|-|Benign|-"
"1525880036.025567|Ccj0xs16ByoH3bCRs6|192.168.100.103|46972|91.128.100.151|23|tcp|-|-|-|-|S0|-|-|0|S|1|60|0|0|-|Malicious|PartOfAHorizontalPortScan"
"1525879982.016117|Cd19Ij1FcCE5mIMI0g|192.168.100.103|43763|93.200.31.25|406|udp|-|-|-|-|S0|-|-|0|D|1|40|0|0|-|Benign|-"
"1525879982.063091|Czf6jZ1DmtKjLc2vkd|93.200.31.25|3|192.168.100.103|13|icmp|-|-|-|-|OTH|-|-|0|-|1|56|0|0|-|Benign|-"
"1525879983.015802|CzBNJV2wnp6vwHQKQ5|192.168.100.103|43763|8.50.251.121|55012|udp|-|-|-|-|S0|-|-|0|D|1|40|0|0|-|Benign|-"
"1525880038.016940|C6JIEl2Tuh1kug8yQc|192.168.100.103|39484|115.49.174.5|23|tcp|-|2.998824|0|0|S0|-|-|0|S|3|180|0|0|-|Malicious|PartOfAHorizontalPortScan"
"1525880038.045677|CZUqoZ1Tob84PfqGYi|192.168.100.103|55729|27.164.48.123|23|tcp|-|-|-|-|S0|-|-|0|S|1|60|0|0|-|Malicious|PartOfAHorizontalPortScan"
"1525879984.015738|C6KLw54YJyNwvUh5la|192.168.100.103|43763|200.35.233.249|30651|udp|-|-|-|-|S0|-|-|0|D|1|40|0|0|-|Benign|-"
"1525880039.017375|CI7KKL2szZLodwdD17|192.168.100.103|50499|105.111.247.30|23|tcp|-|2.998327|0|0|S0|-|-|0|S|3|180|0|0|-|Malicious|PartOfAHorizontalPortScan"
"1525880039.045610|CIpOQp1Dw1U8xG5D92|192.168.100.103|33413|166.34.19.223|23|tcp|-|-|-|-|S0|-|-|0|S|1|60|0|0|-|Malicious|PartOfAHorizontalPortScan"
"1525879985.015923|C2etBv1vvfgBFWs9X1|192.168.100.103|43763|112.67.68.221|25251|udp|-|-|-|-|S0|-|-|0|D|1|40|0|0|-|Benign|-"
"1525880040.045806|CH5A532DM8ohcm2jK8|192.168.100.103|35887|190.23.163.106|23|tcp|-|-|-|-|S0|-|-|0|S|1|60|0|0|-|Malicious|PartOfAHorizontalPortScan"
"1525879986.015856|CI9AQEjqvKo3CGESj|192.168.100.103|43763|1.235.81.67|28866|udp|-|-|-|-|S0|-|-|0|D|1|40|0|0|-|Benign|-"
"1525880041.016745|Cq0H8j39G9KtS0SALc|192.168.100.103|45008|212.154.81.35|23|tcp|-|2.999055|0|0|S0|-|-|0|S|3|180|0|0|-|Malicious|PartOfAHorizontalPortScan"
"1525879986.273718|CWlWrJ2FPz2UKeTqL3|1.235.81.67|3|192.168.100.103|3|icmp|-|-|-|-|OTH|-|-|0|-|1|68|0|0|-|Benign|-"
"1525879987.015789|C9Twl6XE4CW0zuBcj|192.168.100.103|43763|167.117.140.75|58508|udp|-|-|-|-|S0|-|-|0|D|1|40|0|0|-|Benign|-"
"1525880042.025691|CXA2E01Zxj0k2amRZh|192.168.100.103|58734|40.48.220.126|8080|tcp|-|-|-|-|S0|-|-|0|S|1|60|0|0|-|Malicious|PartOfAHorizontalPortScan"
"1525880043.006622|CBx7hu2L2FK6P9Gs4b|192.168.100.103|48626|92.163.116.219|23|tcp|-|2.999064|0|0|S0|-|-|0|S|3|180|0|0|-|Malicious|PartOfAHorizontalPortScan"
"1525879988.015973|CNwPrszyCYM8VAUbc|192.168.100.103|43763|8.247.83.156|13398|udp|-|-|-|-|S0|-|-|0|D|1|40|0|0|-|Benign|-"
"1525880043.025610|CsZOI637wYVlH1J1ac|192.168.100.103|40603|145.158.232.25|5605|tcp|-|-|-|-|S0|-|-|0|S|1|60|0|0|-|Benign|-"
"1525880044.007055|CpiPvK2ncfrvPXVd81|192.168.100.103|33984|199.219.252.158|23|tcp|-|2.998566|0|0|S0|-|-|0|S|3|180|0|0|-|Malicious|PartOfAHorizontalPortScan"
"1525879989.015907|CHR7lo2wBO3T80hefc|192.168.100.103|43763|221.73.87.42|37025|udp|-|-|-|-|S0|-|-|0|D|1|40|0|0|-|Benign|-"
"1525880044.045783|C8WXRX2H1VsPHKoyYa|192.168.100.103|46972|91.128.100.151|23|tcp|-|-|-|-|S0|-|-|0|S|1|60|0|0|-|Malicious|PartOfAHorizontalPortScan"
"1525879990.016092|CK4sei2LPF50WcWIsk|192.168.100.103|43763|248.13.18.205|60223|udp|-|-|-|-|S0|-|-|0|D|1|40|0|0|-|Benign|-"
"1525880045.025730|CvgPcg26URdLNZMue4|192.168.100.103|39484|115.49.174.5|23|tcp|-|-|-|-|S0|-|-|0|S|1|60|0|0|-|Malicious|PartOfAHorizontalPortScan"
"1525880046.006925|CDphFZ5GKGTO6e3pd|192.168.100.103|45731|94.88.239.50|23|tcp|-|2.998814|0|0|S0|-|-|0|S|3|180|0|0|-|Malicious|PartOfAHorizontalPortScan"
"1525879991.015774|COpKY21PU1BHN47pO|192.168.100.103|43763|74.32.134.75|46720|udp|-|-|-|-|S0|-|-|0|D|1|40|0|0|-|Benign|-"
"1525880046.025666|CIZBVOSgL0s4zNjr3|192.168.100.103|50499|105.111.247.30|23|tcp|-|-|-|-|S0|-|-|0|S|1|60|0|0|-|Malicious|PartOfAHorizontalPortScan"
"1525879992.016210|Cx8AjZ1X6LV3GahdOj|192.168.100.103|43763|40.214.63.133|44216|udp|-|-|-|-|S0|-|-|0|D|1|40|0|0|-|Benign|-"
"1525880047.007109|CbXcKIy0xyTyp7iof|192.168.100.103|34923|72.249.143.15|8080|tcp|-|0.128447|0|0|REJ|-|-|0|Sr|1|60|1|40|-|Malicious|PartOfAHorizontalPortScan"
"1525880048.006796|CkBId01QfJKEgXtX6b|192.168.100.103|45981|186.47.210.152|23|tcp|-|2.998814|0|0|S0|-|-|0|S|3|180|0|0|-|Malicious|PartOfAHorizontalPortScan"
"1525879993.015894|CaaudA4gribepRZS69|192.168.100.103|43763|208.210.43.149|44239|udp|-|-|-|-|S0|-|-|0|D|1|40|0|0|-|Benign|-"
"1525880048.025785|C3nFrl2OKSnkZ6mbh6|192.168.100.103|45008|212.154.81.35|23|tcp|-|-|-|-|S0|-|-|0|S|1|60|0|0|-|Malicious|PartOfAHorizontalPortScan"
"1525880049.007228|CNEHPWFNPRTYNWUGk|192.168.100.103|39341|59.81.136.23|2323|tcp|-|2.998566|0|0|S0|-|-|0|S|3|180|0|0|-|Malicious|PartOfAHorizontalPortScan"
"1525879994.016076|Ciqlex3oMvAuVJDvee|192.168.100.103|43763|148.121.100.93|63539|udp|-|-|-|-|S0|-|-|0|D|1|40|0|0|-|Benign|-"
"1525880050.006914|CAFgyc1HjRd8nUcENk|192.168.100.103|45809|95.101.231.39|8080|tcp|-|2.998814|0|0|S0|-|-|0|S|3|180|0|0|-|Malicious|PartOfAHorizontalPortScan"
"1525880050.015660|CQH17r13IhCySkm5i1|192.168.100.103|48626|92.163.116.219|23|tcp|-|-|-|-|S0|-|-|0|S|1|60|0|0|-|Malicious|PartOfAHorizontalPortScan"
"1525879995.015762|C828jz33wpBfm9tnN1|192.168.100.103|43763|177.77.107.17|38874|udp|-|-|-|-|S0|-|-|0|D|1|40|0|0|-|Benign|-"
"1525880050.045644|Cd70YLGert9ztXGjh|192.168.100.103|58734|40.48.220.126|8080|tcp|-|-|-|-|S0|-|-|0|S|1|60|0|0|-|Malicious|PartOfAHorizontalPortScan"
"1525880051.006851|CCggES2ZyTC6XGTDi7|192.168.100.103|36840|160.94.58.192|23|tcp|-|2.998824|0|0|S0|-|-|0|S|3|180|0|0|-|Malicious|PartOfAHorizontalPortScan"
"1525880051.015595|CTlqWm4uoIJ3puD4Z6|192.168.100.103|33984|199.219.252.158|23|tcp|-|-|-|-|S0|-|-|0|S|1|60|0|0|-|Malicious|PartOfAHorizontalPortScan"
"1525879996.015947|CBUQan2IwHD1PFkfh1|192.168.100.103|43763|30.148.95.244|24811|udp|-|-|-|-|S0|-|-|0|D|1|40|0|0|-|Benign|-"
"1525880051.045828|CKZpga1nXlTGJWePMh|192.168.100.103|40603|145.158.232.25|5605|tcp|-|-|-|-|S0|-|-|0|S|1|60|0|0|-|Benign|-"
"1525880052.007033|CAIKlPgdv87knHaHh|192.168.100.103|53574|158.214.101.39|23|tcp|-|2.998826|0|0|S0|-|-|0|S|3|180|0|0|-|Malicious|PartOfAHorizontalPortScan"
"1525879997.015640|CUvLwx3oJ3Ffj8vmF1|192.168.100.103|43763|37.231.171.149|7020|udp|-|-|-|-|S0|-|-|0|D|1|40|0|0|-|Benign|-"
"1525879997.860917|Cp488q3lUQZogt3moe|192.168.100.103|123|89.221.214.130|123|udp|-|0.003983|48|48|SF|-|-|0|Dd|1|76|1|76|-|Benign|-"
"1525880053.015715|CI5rhv41Igp0a7NeEc|192.168.100.103|45731|94.88.239.50|23|tcp|-|-|-|-|S0|-|-|0|S|1|60|0|0|-|Malicious|PartOfAHorizontalPortScan"
"1525879998.015813|C2GTOd2ib4WLbcab5c|192.168.100.103|43763|3.118.225.80|55485|udp|-|-|-|-|S0|-|-|0|D|1|40|0|0|-|Benign|-"
"1525880053.045717|CfqwboJbTWHnYL11f|192.168.100.103|39484|115.49.174.5|23|tcp|-|-|-|-|S0|-|-|0|S|1|60|0|0|-|Malicious|PartOfAHorizontalPortScan"
"1525879999.015508|C78zrGMiqnycuXKt|192.168.100.103|43763|117.91.213.16|51877|udp|-|-|-|-|S0|-|-|0|D|1|40|0|0|-|Benign|-"
"1525880054.045647|C5Iady3dkGqqfYwZdj|192.168.100.103|50499|105.111.247.30|23|tcp|-|-|-|-|S0|-|-|0|S|1|60|0|0|-|Malicious|PartOfAHorizontalPortScan"
"1525880055.006839|CVoAG4XNqeYXys6T1|192.168.100.103|50359|139.124.68.11|2323|tcp|-|2.999065|0|0|S0|-|-|0|S|3|180|0|0|-|Malicious|PartOfAHorizontalPortScan"
"1525880055.015834|CpXex21WZXKeZgMXA|192.168.100.103|45981|186.47.210.152|23|tcp|-|-|-|-|S0|-|-|0|S|1|60|0|0|-|Malicious|PartOfAHorizontalPortScan"
"1525880000.016183|CnsMLk4ZtKEWvg3AYg|192.168.100.103|43763|73.132.61.201|63228|udp|-|-|-|-|S0|-|-|0|D|1|40|0|0|-|Benign|-"
"1525880056.007023|C4JHeEEHCHRABmjk3|192.168.100.103|40255|49.137.26.179|8080|tcp|-|2.998816|0|0|S0|-|-|0|S|3|180|0|0|-|Malicious|PartOfAHorizontalPortScan"
"1525880056.015769|C9P2nM1oIE2708J6Yi|192.168.100.103|39341|59.81.136.23|2323|tcp|-|-|-|-|S0|-|-|0|S|1|60|0|0|-|Malicious|PartOfAHorizontalPortScan"
"1525880001.015877|CrrYTpLz8MoeNsWRh|192.168.100.103|43763|87.18.20.37|11378|udp|-|-|-|-|S0|-|-|0|D|1|40|0|0|-|Benign|-"
"1525880056.045752|CTrvF1NEZgXSDy2rb|192.168.100.103|45008|212.154.81.35|23|tcp|-|-|-|-|S0|-|-|0|S|1|60|0|0|-|Malicious|PartOfAHorizontalPortScan"
"1525880001.056842|CQcf6wkGdOsUIIZrj|87.18.20.37|3|192.168.100.103|3|icmp|-|-|-|-|OTH|-|-|0|-|1|68|0|0|-|Benign|-"
"1525880057.006708|CpnKYhnbIJPoQQtxa|192.168.100.103|33938|49.160.90.186|23|tcp|-|2.999146|0|0|S0|-|-|0|S|3|180|0|0|-|Malicious|PartOfAHorizontalPortScan"
"1525880057.015736|CWvoUF1Aj1Keyy0lBc|192.168.100.103|45809|95.101.231.39|8080|tcp|-|-|-|-|S0|-|-|0|S|1|60|0|0|-|Malicious|PartOfAHorizontalPortScan"
"1525880002.015801|CSngTF3lMXL7FDiSR9|192.168.100.103|43763|229.226.7.161|7412|udp|-|-|-|-|S0|-|-|0|D|1|40|0|0|-|Benign|-"
"1525880058.015640|CZgjKk1dL0ubvNxHYf|192.168.100.103|36840|160.94.58.192|23|tcp|-|-|-|-|S0|-|-|0|S|1|60|0|0|-|Malicious|PartOfAHorizontalPortScan"
"1525880003.015744|CKQpoK1QBY8CDJvWJg|192.168.100.103|43763|230.241.117.75|33000|udp|-|-|-|-|S0|-|-|0|D|1|40|0|0|-|Benign|-"
"1525880058.045871|CJ8tcmVkP2RUxVBEh|192.168.100.103|48626|92.163.116.219|23|tcp|-|-|-|-|S0|-|-|0|S|1|60|0|0|-|Malicious|PartOfAHorizontalPortScan"
"1525880059.015824|CK5fzL3CwDVgo1MoHg|192.168.100.103|53574|158.214.101.39|23|tcp|-|-|-|-|S0|-|-|0|S|1|60|0|0|-|Malicious|PartOfAHorizontalPortScan"
"1525880004.016168|C6mWBb13xcg3JGsHcc|192.168.100.103|43763|154.40.31.37|55317|udp|-|-|-|-|S0|-|-|0|D|1|40|0|0|-|Benign|-"
"1525880059.045808|CeTmhd1UzzqJaBZUyj|192.168.100.103|33984|199.219.252.158|23|tcp|-|-|-|-|S0|-|-|0|S|1|60|0|0|-|Malicious|PartOfAHorizontalPortScan"
"1525880005.015614|CqzMdroV2trHrwUM7|192.168.100.103|43763|131.245.1.228|35152|udp|-|-|-|-|S0|-|-|0|D|1|40|0|0|-|Benign|-"
"1525880061.006701|CdkbS542yM1yPr3p98|192.168.100.103|55650|10.44.96.90|23|tcp|-|2.993808|0|0|S0|-|-|0|S|3|180|0|0|-|Malicious|PartOfAHorizontalPortScan"
"1525880006.016039|CjjLKT2ZRCBbVWOEo|192.168.100.103|43763|59.155.168.192|48898|udp|-|-|-|-|S0|-|-|0|D|1|40|0|0|-|Benign|-"
"1525880061.045693|CoZekW3lzjkkBDCdwh|192.168.100.103|45731|94.88.239.50|23|tcp|-|-|-|-|S0|-|-|0|S|1|60|0|0|-|Malicious|PartOfAHorizontalPortScan"
"1525880062.015894|CvAFwY2gG5APGqyQQ2|192.168.100.103|50359|139.124.68.11|2323|tcp|-|-|-|-|S0|-|-|0|S|1|60|0|0|-|Malicious|PartOfAHorizontalPortScan"
"1525880007.015974|C0NXOs20U1Z4QWciM4|192.168.100.103|43763|155.48.102.88|48268|udp|-|-|-|-|S0|-|-|0|D|1|40|0|0|-|Benign|-"
"1525880063.015815|CF9t4jtpTlh3eSFIb|192.168.100.103|40255|49.137.26.179|8080|tcp|-|-|-|-|S0|-|-|0|S|1|60|0|0|-|Malicious|PartOfAHorizontalPortScan"
"1525880008.015908|CivgLB36vcS6l6jjj8|192.168.100.103|43763|139.46.237.0|34910|udp|-|-|-|-|S0|-|-|0|D|1|40|0|0|-|Benign|-"
"1525880063.045797|CiIUkA1t8s5zKCTd48|192.168.100.103|45981|186.47.210.152|23|tcp|-|-|-|-|S0|-|-|0|S|1|60|0|0|-|Malicious|PartOfAHorizontalPortScan"
"1525880064.006754|CphAfY0jcBqvRjVxf|192.168.100.103|38588|180.88.169.184|2323|tcp|-|2.999070|0|0|S0|-|-|0|S|3|180|0|0|-|Malicious|PartOfAHorizontalPortScan"
"1525880064.015749|C1qFxL3B3t4B9GL4t8|192.168.100.103|33938|49.160.90.186|23|tcp|-|-|-|-|S0|-|-|0|S|1|60|0|0|-|Malicious|PartOfAHorizontalPortScan"
"1525880009.016346|CHlk9H1MZzxG0IVEAh|192.168.100.103|43763|121.194.116.2|32147|udp|-|-|-|-|S0|-|-|0|D|1|40|0|0|-|Benign|-"
"1525880064.045735|Cz7Tus3VYDv6GJQSwh|192.168.100.103|39341|59.81.136.23|2323|tcp|-|-|-|-|S0|-|-|0|S|1|60|0|0|-|Malicious|PartOfAHorizontalPortScan"
"1525880010.016275|CVQTfH2My4KAUh8mye|192.168.100.103|43763|78.255.123.166|9474|udp|-|-|-|-|S0|-|-|0|D|1|40|0|0|-|Benign|-"
"1525880065.045917|Cj7mGJ3HbeNNOR6WVh|192.168.100.103|45809|95.101.231.39|8080|tcp|-|-|-|-|S0|-|-|0|S|1|60|0|0|-|Malicious|PartOfAHorizontalPortScan"
"1525880010.861065|CL22h5nHdyNBXx7dc|192.168.100.103|123|37.187.104.44|123|udp|-|0.026718|48|48|SF|-|-|0|Dd|1|76|1|76|-|Benign|-"
"1525880011.015961|CUzgNn3u0PpRYupkAk|192.168.100.103|43763|84.61.152.63|43219|udp|-|-|-|-|S0|-|-|0|D|1|40|0|0|-|Benign|-"
"1525880066.045854|CD37VL3GiVEvrNTzfh|192.168.100.103|36840|160.94.58.192|23|tcp|-|-|-|-|S0|-|-|0|S|1|60|0|0|-|Malicious|PartOfAHorizontalPortScan"
"1525880067.006809|CR6wpPFgIoaJq4tg|192.168.100.103|55256|204.45.101.149|2323|tcp|-|2.999066|0|0|S0|-|-|0|S|3|180|0|0|-|Malicious|PartOfAHorizontalPortScan"
"1525880012.016145|CwiR2s4zOtzmUbF0Xl|192.168.100.103|43763|249.242.6.107|18339|udp|-|-|-|-|S0|-|-|0|D|1|40|0|0|-|Benign|-"
"1525880067.045805|CGPHaF4AwTFJyVmHI|192.168.100.103|53574|158.214.101.39|23|tcp|-|-|-|-|S0|-|-|0|S|1|60|0|0|-|Malicious|PartOfAHorizontalPortScan"
"1525880068.006994|CVHOG822gitAsvAYRc|192.168.100.103|59466|99.214.213.18|23|tcp|-|2.998822|0|0|S0|-|-|0|S|3|180|0|0|-|Malicious|PartOfAHorizontalPortScan"
"1525880013.016078|CuDhaI2khxIZWkvKW4|192.168.100.103|43763|128.173.43.77|61544|udp|-|-|-|-|S0|-|-|0|D|1|40|0|0|-|Benign|-"
"1525880013.173256|CvuA2k2lZGy3TUef96|204.115.183.3|11|192.168.100.103|0|icmp|-|-|-|-|OTH|-|-|0|-|1|56|0|0|-|Benign|-"
"1525880014.016013|CcPeUn4NMRGRSKtOkk|192.168.100.103|43763|61.185.188.196|27166|udp|-|-|-|-|S0|-|-|0|D|1|40|0|0|-|Benign|-"
"1525880070.007114|CGteX4UwONl119oVg|192.168.100.103|43017|110.159.172.69|23|tcp|-|2.998825|0|0|S0|-|-|0|S|3|180|0|0|-|Malicious|PartOfAHorizontalPortScan"
"1525880070.045846|CrGana2wkwT11zK5Ck|192.168.100.103|50359|139.124.68.11|2323|tcp|-|-|-|-|S0|-|-|0|S|1|60|0|0|-|Malicious|PartOfAHorizontalPortScan"
"1525880071.007299|Cayofo5sgqw6BxTLa|192.168.100.103|42419|68.8.241.24|8080|tcp|-|2.998567|0|0|S0|-|-|0|S|3|180|0|0|-|Malicious|PartOfAHorizontalPortScan"
"1525880071.015795|C1UfhcBzlZO21Qbwj|192.168.100.103|38588|180.88.169.184|2323|tcp|-|-|-|-|S0|-|-|0|S|1|60|0|0|-|Malicious|PartOfAHorizontalPortScan"
"1525880016.015883|CKXSSP2sBhTLtPa4O8|192.168.100.103|43763|237.52.205.118|14310|udp|-|-|-|-|S0|-|-|0|D|1|40|0|0|-|Benign|-"
"1525880071.045777|C91Ker1rv3dScCFzmf|192.168.100.103|40255|49.137.26.179|8080|tcp|-|-|-|-|S0|-|-|0|S|1|60|0|0|-|Malicious|PartOfAHorizontalPortScan"
"1525880013.393632|CE8XtGO8RQ8Si3ESi|12.19.177.130|3|192.168.100.103|1|icmp|-|3.163960|120|0|OTH|-|-|0|-|2|176|0|0|-|Benign|-"
"1525880017.016316|C1XJwn4pxh9OnZTbYl|192.168.100.103|43763|117.35.253.72|28970|udp|-|-|-|-|S0|-|-|0|D|1|40|0|0|-|Benign|-"
"1525880072.045963|CK1TFCE7iv518lEz9|192.168.100.103|33938|49.160.90.186|23|tcp|-|-|-|-|S0|-|-|0|S|1|60|0|0|-|Malicious|PartOfAHorizontalPortScan"
